BOULOUPARIS;GNIREP.36;OBS;78.72;;A.ab-1 bis;;BOULOUPARIS;NIVELLEMENT;RCNC
BOULOUPARIS;GNIREP.37;OBS;82.22;;A.ab-2 bis;;BOULOUPARIS;NIVELLEMENT;RCNC
BOULOUPARIS;GNIREP.38;OBS;91.36;;A.ab-3 a;;BOULOUPARIS;NIVELLEMENT;RCNC
BOULOUPARIS;GNIREP.39;OBS;84.11;;A.ab-3 bis;;BOULOUPARIS;NIVELLEMENT;RCNC
BOULOUPARIS;GNIREP.40;OBS;97.48;;A.ab-4 bis;;BOULOUPARIS;NIVELLEMENT;RCNC
BOULOUPARIS;GNIREP.41;OBS;126.35;;A.ab-5;;BOULOUPARIS;NIVELLEMENT;RCNC
BOULOUPARIS;GNIREP.42;GRA;;;A.ab-6;;BOULOUPARIS;NIVELLEMENT;
BOULOUPARIS;GNIREP.43;OBS;259.21;;A.ab-7;;BOULOUPARIS;NIVELLEMENT;RCNC
BOULOUPARIS;GNIREP.44;OBS;355.39;;A.ab-8;;BOULOUPARIS;NIVELLEMENT;RCNC
BOULOUPARIS;GNIREP.31;OBS;113.98;;AB-100;;BOULOUPARIS;NIVELLEMENT;RCNC
BOULOUPARIS;GNIREP.32;OBS;122.48;;AB-100 a;;BOULOUPARIS;NIVELLEMENT;RCNC
BOULOUPARIS;GNIREP.33;OBS;138.47;;AB-101;;BOULOUPARIS;NIVELLEMENT;RCNC
BOULOUPARIS;GNIREP.34;OBS;159.22;;AB-102;;BOULOUPARIS;NIVELLEMENT;RCNC
BOULOUPARIS;GNIREP.35;OBS;115.50;;AB-103;;BOULOUPARIS;NIVELLEMENT;RCNC
BOULOUPARIS;GNIREP.73;OBS;65.468;;AB-69 b;;BOULOUPARIS;NIVELLEMENT;RCNC
BOULOUPARIS;GNIREP.2;OBS;65.59;;AB-70;;BOULOUPARIS;NIVELLEMENT;RCNC
BOULOUPARIS;GNIREP.3;OBS;67.99;;AB-71;;BOULOUPARIS;NIVELLEMENT;RCNC
BOULOUPARIS;GNIREP.4;OBS;65.32;;AB-72;;BOULOUPARIS;NIVELLEMENT;RCNC
BOULOUPARIS;GNIREP.65;OBS;65.94;;AB-73 bis;;BOULOUPARIS;NIVELLEMENT;RCNC
BOULOUPARIS;GNIREP.5;GRA;;;AB-74;;BOULOUPARIS;NIVELLEMENT;
BOULOUPARIS;GNIREP.6;GRA;;;AB-75;;BOULOUPARIS;NIVELLEMENT;
BOULOUPARIS;GNIREP.7;OBS;76.6;;AB-76;;BOULOUPARIS;NIVELLEMENT;RCNC
BOULOUPARIS;GNIREP.74;OBS;76.958;;AB-76 a;;BOULOUPARIS;NIVELLEMENT;
BOULOUPARIS;GNIREP.75;OBS;82.160;;AB-77 a;;BOULOUPARIS;NIVELLEMENT;
BOULOUPARIS;GNIREP.8;OBS;92.174;;AB-78;;BOULOUPARIS;NIVELLEMENT;
BOULOUPARIS;GNIREP.9;OBS;69.176;;AB-79 b;;BOULOUPARIS;NIVELLEMENT;
BOULOUPARIS;GNIREP.66;GRA;;;AB-79 bis;;BOULOUPARIS;NIVELLEMENT;
BOULOUPARIS;GNIREP.10;ADAP;;;AB-80;;BOULOUPARIS;NIVELLEMENT;
BOULOUPARIS;GNIREP.11;OBS;68.963;;AB-80 b;;BOULOUPARIS;NIVELLEMENT;
BOULOUPARIS;GNIREP.67;GRA;;;AB-81 bis;;BOULOUPARIS;NIVELLEMENT;
BOULOUPARIS;GNIREP.68;GRA;;;AB-82 a;;BOULOUPARIS;NIVELLEMENT;
BOULOUPARIS;GNIREP.69;ADAP;;;AB-83 bis;;BOULOUPARIS;NIVELLEMENT;
BOULOUPARIS;GNIREP.70;GRA;;;AB-84 bis;;BOULOUPARIS;NIVELLEMENT;
BOULOUPARIS;GNIREP.12;OBS;71.68;;AB-85;;BOULOUPARIS;NIVELLEMENT;RCNC
BOULOUPARIS;GNIREP.13;OBS;66.6;;AB-86;;BOULOUPARIS;NIVELLEMENT;RCNC
BOULOUPARIS;GNIREP.14;ADAP;;;AB-87;;BOULOUPARIS;NIVELLEMENT;
BOULOUPARIS;GNIREP.78;GRA;;;AB-88 b;;BOULOUPARIS;NIVELLEMENT;
BOULOUPARIS;GNIREP.16;GRA;;;AB-89;;BOULOUPARIS;NIVELLEMENT;
BOULOUPARIS;GNIREP.17;OBS;70.52;;AB-90 a;;BOULOUPARIS;NIVELLEMENT;RCNC
BOULOUPARIS;GNIREP.18;OBS;69.50;;AB-90 b;;BOULOUPARIS;NIVELLEMENT;RCNC
BOULOUPARIS;GNIREP.64;GRA;;;AB-90 bis;;BOULOUPARIS;NIVELLEMENT;
BOULOUPARIS;GNIREP.76;OBS;71.972;;AB-90 bis I;;BOULOUPARIS;NIVELLEMENT;RCNC
BOULOUPARIS;GNIREP.19;OBS;72.578;;AB-91;;BOULOUPARIS;NIVELLEMENT;RCNC
BOULOUPARIS;GNIREP.20;OBS;73.124;;AB-92;;BOULOUPARIS;NIVELLEMENT;RCNC
BOULOUPARIS;GNIREP.21;OBS;82.631;;AB-93;;BOULOUPARIS;NIVELLEMENT;RCNC
BOULOUPARIS;GNIREP.22;OBS;97.29;;AB-94;;BOULOUPARIS;NIVELLEMENT;RCNC
BOULOUPARIS;GNIREP.71;GRA;;;AB-95 bis;;BOULOUPARIS;NIVELLEMENT;
BOULOUPARIS;GNIREP.23;OBS;96.42;;AB-96;;BOULOUPARIS;NIVELLEMENT;RCNC
BOULOUPARIS;GNIREP.77;OBS;83.855;;AB-96 a;;BOULOUPARIS;NIVELLEMENT;
BOULOUPARIS;GNIREP.24;OBS;88.23;;AB-96 b;;BOULOUPARIS;NIVELLEMENT;RCNC
BOULOUPARIS;GNIREP.25;OBS;88.13;;AB-96 c;;BOULOUPARIS;NIVELLEMENT;RCNC
BOULOUPARIS;GNIREP.26;OBS;90.75;;AB-97 bis a;;BOULOUPARIS;NIVELLEMENT;RCNC
BOULOUPARIS;GNIREP.27;OBS;90.23;;AB-97 bis b;;BOULOUPARIS;NIVELLEMENT;RCNC
BOULOUPARIS;GNIREP.28;OBS;93.2;;AB-98;;BOULOUPARIS;NIVELLEMENT;RCNC
BOULOUPARIS;GNIREP.29;OBS;95.48;;AB-98 a;;BOULOUPARIS;NIVELLEMENT;RCNC
BOULOUPARIS;GNIREP.30;OBS;107.68;;AB-99;;BOULOUPARIS;NIVELLEMENT;RCNC
BOULOUPARIS;GNIREP.72;GRA;;;Aa.l3m3-1;;BOULOUPARIS;NIVELLEMENT;
BOULOUPARIS;GNIREP.46;OBS;74.7;;Aa.l3m3-3;;BOULOUPARIS;NIVELLEMENT;RCNC
BOULOUPARIS;GNIREP.47;OBS;83.38;;Aa.l3m3-5;;BOULOUPARIS;NIVELLEMENT;RCNC
BOULOUPARIS;GNIREP.48;OBS;84.21;;Aa.l3m3-6;;BOULOUPARIS;NIVELLEMENT;RCNC
BOULOUPARIS;GNIREP.49;OBS;91.92;;Aa.l3m3-7;;BOULOUPARIS;NIVELLEMENT;RCNC
BOULOUPARIS;GNIREP.50;OBS;110.99;;Aa.l3m3-8;;BOULOUPARIS;NIVELLEMENT;RCNC
BOULOUPARIS;GNIREP.52;OBS;64.43;;B.d-1;;BOULOUPARIS;NIVELLEMENT;RCNC
BOULOUPARIS;GNIREP.58;ADAP;;;B.d-10;;BOULOUPARIS;NIVELLEMENT;
BOULOUPARIS;GNIREP.59;OBS;77.21;;B.d-12;;BOULOUPARIS;NIVELLEMENT;RCNC
BOULOUPARIS;GNIREP.60;ADAP;;;B.d-13;;BOULOUPARIS;NIVELLEMENT;
BOULOUPARIS;GNIREP.61;OBS;82.97;;B.d-14;;BOULOUPARIS;NIVELLEMENT;RCNC
BOULOUPARIS;GNIREP.62;OBS;87.64;;B.d-15;;BOULOUPARIS;NIVELLEMENT;RCNC
BOULOUPARIS;GNIREP.63;ADAP;;;B.d-16;;BOULOUPARIS;NIVELLEMENT;
BOULOUPARIS;GNIREP.53;OBS;83.52;;B.d-3;;BOULOUPARIS;NIVELLEMENT;RCNC
BOULOUPARIS;GNIREP.54;OBS;76.52;;B.d-5;;BOULOUPARIS;NIVELLEMENT;RCNC
BOULOUPARIS;GNIREP.55;OBS;85.66;;B.d-7;;BOULOUPARIS;NIVELLEMENT;RCNC
BOULOUPARIS;GNIREP.57;OBS;67.30;;B.d-8;;BOULOUPARIS;NIVELLEMENT;RCNC
BOURAIL;GNIREP.53;ADAP;;;A'B'-148;;BOURAIL;NIVELLEMENT;
BOURAIL;GNIREP.54;GRA;;;A'B'-149;;BOURAIL;NIVELLEMENT;
BOURAIL;GNIREP.56;GRA;;;A'B'-151;;BOURAIL;NIVELLEMENT;
BOURAIL;GNIREP.59;ADAP;;;A'B'-155;;BOURAIL;NIVELLEMENT;
BOURAIL;GNIREP.61;OBS;77.243;;A'B'-155 a;;BOURAIL;NIVELLEMENT;RCNC
BOURAIL;GNIREP.143;ADAP;;;A'B'-156;;BOURAIL;NIVELLEMENT;
BOURAIL;GNIREP.66;GRA;;;A'B'-160;;BOURAIL;NIVELLEMENT;
BOURAIL;GNIREP.144;GRA;;;A'B'-161;;BOURAIL;NIVELLEMENT;
BOURAIL;GNIREP.166;GRA;;;A'B'-177;;BOURAIL;NIVELLEMENT;
BOURAIL;GNIREP.91;GRA;;;A'B'-180;;BOURAIL;NIVELLEMENT;
BOURAIL;GNIREP.167;GRA;;;A'B'-180a;;BOURAIL;NIVELLEMENT;
BOURAIL;GNIREP.92;GRA;;;A'B'-181;;BOURAIL;NIVELLEMENT;
BOURAIL;GNIREP.168;OBS;152.27;;A'B'-182;;BOURAIL;NIVELLEMENT;RCNC
BOURAIL;GNIREP.145;GRA;;;A'B'-183;;POYA;NIVELLEMENT;
BOURAIL;GNIREP.146;GRA;;;A'B'-184;;POYA;NIVELLEMENT;
BOURAIL;GNIREP.147;GRA;;;A'B'-191a;;POYA;NIVELLEMENT;
BOURAIL;GNIREP.148;OBS;;;A'B'-194;;POYA;NIVELLEMENT;
BOURAIL;GNIREP.35;ADAP;;;A.cd-10 bis;;BOURAIL;NIVELLEMENT;
BOURAIL;GNIREP.36;OBS;220.733;;A.cd-11 a;;BOURAIL;NIVELLEMENT;RCNC
BOURAIL;GNIREP.22;OBS;237.239;;A.cd-12;;BOURAIL;NIVELLEMENT;RCNC
BOURAIL;GNIREP.37;OBS;253.953;;A.cd-13 bis;;BOURAIL;NIVELLEMENT;RCNC
BOURAIL;GNIREP.38;OBS;306.116;;A.cd-14 bis;;BOURAIL;NIVELLEMENT;RCNC
BOURAIL;GNIREP.39;ADAP;;;A.cd-15 a;;BOURAIL;NIVELLEMENT;
BOURAIL;GNIREP.40;OBS;410.369;;A.cd-17 a;;BOURAIL;NIVELLEMENT;RCNC
BOURAIL;GNIREP.23;OBS;421.239;;A.cd-18;;BOURAIL;NIVELLEMENT;RCNC
BOURAIL;GNIREP.20;OBS;98.118;;A.cd-6;;BOURAIL;NIVELLEMENT;RCNC
BOURAIL;GNIREP.21;ADAP;;;A.cd-7;;BOURAIL;NIVELLEMENT;
BOURAIL;GNIREP.2;OBS;76.93;;AB-146 e;;BOURAIL;NIVELLEMENT;RCNC
BOURAIL;GNIREP.52;GRA;;;AB-147;;BOURAIL;NIVELLEMENT;
BOURAIL;GNIREP.3;OBS;108.409;;AB-148;;BOURAIL;NIVELLEMENT;RCNC
BOURAIL;GNIREP.4;OBS;85.18;;AB-148 a;;BOURAIL;NIVELLEMENT;RCNC
BOURAIL;GNIREP.5;OBS;87.52;;AB-149;;BOURAIL;NIVELLEMENT;RCNC
BOURAIL;GNIREP.6;OBS;106.31;;AB-149 a;;BOURAIL;NIVELLEMENT;RCNC
BOURAIL;GNIREP.55;OBS;129.49;;AB-150;;BOURAIL;NIVELLEMENT;RCNC
BOURAIL;GNIREP.57;OBS;73.31;;AB-151;;BOURAIL;NIVELLEMENT;RCNC
BOURAIL;GNIREP.7;OBS;71.47;;AB-152;;BOURAIL;NIVELLEMENT;RCNC
BOURAIL;GNIREP.8;OBS;73.09;;AB-153;;BOURAIL;NIVELLEMENT;RCNC
BOURAIL;GNIREP.9;OBS;78.02;;AB-154;;BOURAIL;NIVELLEMENT;RCNC
BOURAIL;GNIREP.10;OBS;79.52;;AB-154 a;;BOURAIL;NIVELLEMENT;RCNC
BOURAIL;GNIREP.58;GRA;;;AB-154 b;;BOURAIL;NIVELLEMENT;
BOURAIL;GNIREP.11;OBS;82.14;;AB-154 c;;BOURAIL;NIVELLEMENT;RCNC
BOURAIL;GNIREP.60;OBS;95.78;;AB-155;;BOURAIL;NIVELLEMENT;RCNC
BOURAIL;GNIREP.62;GRA;;;AB-156 a;;BOURAIL;NIVELLEMENT;
BOURAIL;GNIREP.175;OBS;72.09;;AB-158;;BOURAIL;NIVELLEMENT;RCNC
BOURAIL;GNIREP.63;OBS;71.22;;AB-158 a;;BOURAIL;NIVELLEMENT;RCNC
BOURAIL;GNIREP.64;OBS;74.73;;AB-159 a;;BOURAIL;NIVELLEMENT;RCNC
BOURAIL;GNIREP.65;OBS;73.78;;AB-159 bis;;BOURAIL;NIVELLEMENT;RCNC
BOURAIL;GNIREP.67;OBS;78.97;;AB-160;;BOURAIL;NIVELLEMENT;RCNC
BOURAIL;GNIREP.68;OBS;74.46;;AB-160 a;;BOURAIL;NIVELLEMENT;RCNC
BOURAIL;GNIREP.69;OBS;63.93;;AB-160 b;;BOURAIL;NIVELLEMENT;RCNC
BOURAIL;GNIREP.42;GRA;;;AB-160 c;;BOURAIL;NIVELLEMENT;
BOURAIL;GNIREP.43;GRA;;;AB-160 d;;BOURAIL;NIVELLEMENT;
BOURAIL;GNIREP.44;GRA;;;AB-160 e;;BOURAIL;NIVELLEMENT;
BOURAIL;GNIREP.45;GRA;;;AB-160 f;;BOURAIL;NIVELLEMENT;
BOURAIL;GNIREP.176;GRA;;;AB-160 g;;BOURAIL;NIVELLEMENT;
BOURAIL;GNIREP.46;GRA;;;AB-161;;BOURAIL;NIVELLEMENT;
BOURAIL;GNIREP.47;GRA;;;AB-161 a;;BOURAIL;NIVELLEMENT;
BOURAIL;GNIREP.48;GRA;;;AB-161 bis;;BOURAIL;NIVELLEMENT;
BOURAIL;GNIREP.70;ADAP;;;AB-161 bis a;;BOURAIL;NIVELLEMENT;
BOURAIL;GNIREP.49;OBS;68.32;;AB-161 bis b;;BOURAIL;NIVELLEMENT;RCNC
BOURAIL;GNIREP.50;GRA;;;AB-162;;BOURAIL;NIVELLEMENT;
BOURAIL;GNIREP.51;OBS;65.92;;AB-163;;BOURAIL;NIVELLEMENT;RCNC
BOURAIL;GNIREP.177;GRA;;;AB-163 I;;BOURAIL;NIVELLEMENT;
BOURAIL;GNIREP.71;GRA;;;AB-163 a;;BOURAIL;NIVELLEMENT;
BOURAIL;GNIREP.72;GRA;;;AB-164 ter;;BOURAIL;NIVELLEMENT;
BOURAIL;GNIREP.169;GRA;;;AB-165;;BOURAIL;NIVELLEMENT;
BOURAIL;GNIREP.73;OBS;70.13;;AB-165 ter;;BOURAIL;NIVELLEMENT;RCNC
BOURAIL;GNIREP.74;GRA;;;AB-166 ter;;BOURAIL;NIVELLEMENT;
BOURAIL;GNIREP.75;GRA;;;AB-166 ter a;;BOURAIL;NIVELLEMENT;
BOURAIL;GNIREP.76;OBS;81.40;;AB-167;;BOURAIL;NIVELLEMENT;RCNC
BOURAIL;GNIREP.77;OBS;83.08;;AB-167 a;;BOURAIL;NIVELLEMENT;RCNC
BOURAIL;GNIREP.78;OBS;85.09;;AB-168 bis;;BOURAIL;NIVELLEMENT;RCNC
BOURAIL;GNIREP.79;OBS;89.09;;AB-169;;BOURAIL;NIVELLEMENT;RCNC
BOURAIL;GNIREP.80;OBS;94.00;;AB-169 a;;BOURAIL;NIVELLEMENT;RCNC
BOURAIL;GNIREP.81;OBS;117.63;;AB-170;;BOURAIL;NIVELLEMENT;RCNC
BOURAIL;GNIREP.82;GRA;;;AB-170 a;;BOURAIL;NIVELLEMENT;
BOURAIL;GNIREP.83;GRA;;;AB-171;;BOURAIL;NIVELLEMENT;
BOURAIL;GNIREP.84;GRA;;;AB-172;;BOURAIL;NIVELLEMENT;
BOURAIL;GNIREP.85;OBS;175.61;;AB-172 a;;BOURAIL;NIVELLEMENT;RCNC
BOURAIL;GNIREP.86;OBS;142.46;;AB-173;;BOURAIL;NIVELLEMENT;RCNC
BOURAIL;GNIREP.170;GRA;;;AB-174 a;;BOURAIL;NIVELLEMENT;
BOURAIL;GNIREP.87;OBS;146.57;;AB-175;;BOURAIL;NIVELLEMENT;RCNC
BOURAIL;GNIREP.88;OBS;127.00;;AB-176;;BOURAIL;NIVELLEMENT;RCNC
BOURAIL;GNIREP.89;OBS;122.95;;AB-176 a;;BOURAIL;NIVELLEMENT;RCNC
BOURAIL;GNIREP.171;GRA;;;AB-177 I;;BOURAIL;NIVELLEMENT;
BOURAIL;GNIREP.90;GRA;;;AB-178;;BOURAIL;NIVELLEMENT;
BOURAIL;GNIREP.12;GRA;;;AB-178 a;;BOURAIL;NIVELLEMENT;
BOURAIL;GNIREP.13;ADAP;;;AB-179;;BOURAIL;NIVELLEMENT;
BOURAIL;GNIREP.14;OBS;138.10;;AB-179 bis;;BOURAIL;NIVELLEMENT;RCNC
BOURAIL;GNIREP.15;OBS;114.11;;AB-180;;BOURAIL;NIVELLEMENT;RCNC
BOURAIL;GNIREP.172;GRA;;;AB-180 b;;BOURAIL;NIVELLEMENT;
BOURAIL;GNIREP.16;GRA;;;AB-181;;BOURAIL;NIVELLEMENT;
BOURAIL;GNIREP.173;;;;AB-182 I;;BOURAIL;NIVELLEMENT;
BOURAIL;GNIREP.17;ADAP;;;AB-183;;POYA;NIVELLEMENT;
BOURAIL;GNIREP.149;GRA;;;AB-183I;;POYA;NIVELLEMENT;
BOURAIL;GNIREP.18;ADAP;;;AB-184;;POYA;NIVELLEMENT;
BOURAIL;GNIREP.150;GRA;;;AB-184I;;POYA;NIVELLEMENT;
BOURAIL;GNIREP.19;OBS;164.142;;AB-185;;POYA;NIVELLEMENT;RCNC
BOURAIL;GNIREP.93;OBS;147.484;;AB-186;;POYA;NIVELLEMENT;RCNC
BOURAIL;GNIREP.94;OBS;129.40;;AB-187;;POYA;NIVELLEMENT;RCNC
BOURAIL;GNIREP.95;OBS;126.879;;AB-188;;POYA;NIVELLEMENT;RCNC
BOURAIL;GNIREP.96;OBS;120.23;;AB-188 a;;POYA;NIVELLEMENT;RCNC
BOURAIL;GNIREP.97;GRA;;;AB-188 b;;POYA;NIVELLEMENT;
BOURAIL;GNIREP.98;OBS;113.966;;AB-189;;POYA;NIVELLEMENT;RCNC
BOURAIL;GNIREP.99;GRA;;;AB-189 a;;POYA;NIVELLEMENT;
BOURAIL;GNIREP.100;OBS;110.719;;AB-189 b;;POYA;NIVELLEMENT;RCNC
BOURAIL;GNIREP.101;OBS;109.208;;AB-190;;POYA;NIVELLEMENT;RCNC
BOURAIL;GNIREP.102;GRA;;;AB-190 a;;POYA;NIVELLEMENT;
BOURAIL;GNIREP.103;OBS;91.73;;AB-191;;POYA;NIVELLEMENT;RCNC
BOURAIL;GNIREP.151;GRA;;;AB-191 b;;POYA;NIVELLEMENT;
BOURAIL;GNIREP.104;GRA;;;AB-192;;POYA;NIVELLEMENT;
BOURAIL;GNIREP.105;OBS;90.15;;AB-192 a;;POYA;NIVELLEMENT;RCNC
BOURAIL;GNIREP.106;OBS;76.22;;AB-193;;POYA;NIVELLEMENT;RCNC
BOURAIL;GNIREP.152;GRA;;;AB-194 I;;POYA;NIVELLEMENT;
BOURAIL;GNIREP.107;OBS;124.419;;AB-195;;POYA;NIVELLEMENT;RCNC
BOURAIL;GNIREP.108;GRA;;;AB-195 a;;POYA;NIVELLEMENT;
BOURAIL;GNIREP.159;GRA;;;Ac.k3l3-1;;BOURAIL;NIVELLEMENT;
BOURAIL;GNIREP.25;OBS;266.64;;Ac.k3l3-10;;BOURAIL;NIVELLEMENT;RCNC
BOURAIL;GNIREP.26;GRA;;;Ac.k3l3-11;;BOURAIL;NIVELLEMENT;
BOURAIL;GNIREP.27;OBS;294.24;;Ac.k3l3-13;;BOURAIL;NIVELLEMENT;RCNC
BOURAIL;GNIREP.28;GRA;;;Ac.k3l3-14;;BOURAIL;NIVELLEMENT;
BOURAIL;GNIREP.29;OBS;306.35;;Ac.k3l3-15;;BOURAIL;NIVELLEMENT;RCNC
BOURAIL;GNIREP.30;OBS;290.57;;Ac.k3l3-16;;BOURAIL;NIVELLEMENT;RCNC
BOURAIL;GNIREP.31;OBS;312.20;;Ac.k3l3-17;;BOURAIL;NIVELLEMENT;RCNC
BOURAIL;GNIREP.32;OBS;368.21;;Ac.k3l3-18;;BOURAIL;NIVELLEMENT;RCNC
BOURAIL;GNIREP.33;OBS;332.16;;Ac.k3l3-19;;BOURAIL;NIVELLEMENT;RCNC
BOURAIL;GNIREP.160;OBS;71.03;;Ac.k3l3-2;;BOURAIL;NIVELLEMENT;RCNC
BOURAIL;GNIREP.34;OBS;288.93;;Ac.k3l3-20;;BOURAIL;NIVELLEMENT;RCNC
BOURAIL;GNIREP.165;OBS;185.32;;Ac.k3l3-21;;BOURAIL;NIVELLEMENT;RCNC
BOURAIL;GNIREP.161;OBS;77.39;;Ac.k3l3-4;;BOURAIL;NIVELLEMENT;RCNC
BOURAIL;GNIREP.162;OBS;81.44;;Ac.k3l3-5;;BOURAIL;NIVELLEMENT;RCNC
BOURAIL;GNIREP.163;OBS;82.10;;Ac.k3l3-6;;BOURAIL;NIVELLEMENT;RCNC
BOURAIL;GNIREP.164;OBS;88.25;;Ac.k3l3-7;;BOURAIL;NIVELLEMENT;RCNC
BOURAIL;GNIREP.24;OBS;96.12;;Ac.k3l3-8;;BOURAIL;NIVELLEMENT;RCNC
BOURAIL;GNIREP.109;ADAP;;;B.d-17;;BOURAIL;NIVELLEMENT;
BOURAIL;GNIREP.110;ADAP;;;B.d-18;;BOURAIL;NIVELLEMENT;
BOURAIL;GNIREP.111;ADAP;;;B.d-19;;BOURAIL;NIVELLEMENT;
BOURAIL;GNIREP.112;ADAP;;;B.d-20;;BOURAIL;NIVELLEMENT;
BOURAIL;GNIREP.113;ADAP;;;B.d-21;;BOURAIL;NIVELLEMENT;
BOURAIL;GNIREP.174;GRA;;;B.de-1 a;;BOURAIL;NIVELLEMENT;
BOURAIL;GNIREP.121;OBS;74.524;;B.de-10;;BOURAIL;NIVELLEMENT;RCNC
BOURAIL;GNIREP.122;ADAP;;;B.de-10 a;;BOURAIL;NIVELLEMENT;
BOURAIL;GNIREP.123;ADAP;;;B.de-11;;BOURAIL;NIVELLEMENT;
BOURAIL;GNIREP.124;OBS;75.98;;B.de-12;;BOURAIL;NIVELLEMENT;RCNC
BOURAIL;GNIREP.125;OBS;73.769;;B.de-13;;BOURAIL;NIVELLEMENT;RCNC
BOURAIL;GNIREP.126;OBS;71.381;;B.de-14;;BOURAIL;NIVELLEMENT;RCNC
BOURAIL;GNIREP.127;ADAP;;;B.de-15;;BOURAIL;NIVELLEMENT;
BOURAIL;GNIREP.128;GRA;;;B.de-18;;BOURAIL;NIVELLEMENT;
BOURAIL;GNIREP.129;ADAP;;;B.de-19;;BOURAIL;NIVELLEMENT;
BOURAIL;GNIREP.130;GRA;;;B.de-2;;BOURAIL;NIVELLEMENT;
BOURAIL;GNIREP.131;ADAP;;;B.de-20;;BOURAIL;NIVELLEMENT;
BOURAIL;GNIREP.132;OBS;61.918;;B.de-21;;BOURAIL;NIVELLEMENT;RCNC
BOURAIL;GNIREP.133;OBS;62.041;;B.de-22;;BOURAIL;NIVELLEMENT;RCNC
BOURAIL;GNIREP.134;OBS;61.882;;B.de-23;;BOURAIL;NIVELLEMENT;RCNC
BOURAIL;GNIREP.135;OBS;78.089;;B.de-24;;BOURAIL;NIVELLEMENT;RCNC
BOURAIL;GNIREP.136;OBS;67.409;;B.de-25;;BOURAIL;NIVELLEMENT;RCNC
BOURAIL;GNIREP.137;OBS;65.129;;B.de-26;;BOURAIL;NIVELLEMENT;RCNC
BOURAIL;GNIREP.138;OBS;66.869;;B.de-27;;BOURAIL;NIVELLEMENT;RCNC
BOURAIL;GNIREP.139;OBS;72.692;;B.de-28;;BOURAIL;NIVELLEMENT;RCNC
BOURAIL;GNIREP.140;OBS;73.165;;B.de-29;;BOURAIL;NIVELLEMENT;RCNC
BOURAIL;GNIREP.114;ADAP;;;B.de-3;;BOURAIL;NIVELLEMENT;
BOURAIL;GNIREP.141;OBS;67.619;;B.de-30;;BOURAIL;NIVELLEMENT;RCNC
BOURAIL;GNIREP.41;OBS;68.909;;B.de-31;;BOURAIL;NIVELLEMENT;RCNC
BOURAIL;GNIREP.115;OBS;62.841;;B.de-4 a;;BOURAIL;NIVELLEMENT;RCNC
BOURAIL;GNIREP.116;ADAP;;;B.de-5;;BOURAIL;NIVELLEMENT;
BOURAIL;GNIREP.117;OBS;62.792;;B.de-6;;BOURAIL;NIVELLEMENT;RCNC
BOURAIL;GNIREP.142;ADAP;;;B.de-6 I;;BOURAIL;NIVELLEMENT;
BOURAIL;GNIREP.118;ADAP;;;B.de-7;;BOURAIL;NIVELLEMENT;
BOURAIL;GNIREP.119;OBS;115.593;;B.de-8;;BOURAIL;NIVELLEMENT;RCNC
BOURAIL;GNIREP.120;OBS;84.801;;B.de-9;;BOURAIL;NIVELLEMENT;RCNC
BOURAIL;GNIREP.153;OBS;107.70;;Bef-1;;POYA;NIVELLEMENT;RCNC
BOURAIL;GNIREP.154;GRA;;;Bef-2 bis;;POYA;NIVELLEMENT;
BOURAIL;GNIREP.155;GRA;;;Bef-3 bis;;POYA;NIVELLEMENT;
BOURAIL;GNIREP.156;GRA;;;Bef-4;;POYA;NIVELLEMENT;
BOURAIL;GNIREP.157;OBS;100.49;;Bef-5;;POYA;NIVELLEMENT;RCNC
BOURAIL;GNIREP.158;GRA;;;Bef-6;;POYA;NIVELLEMENT;
DUMBEA;GNIREP.25;OBS;112.14;;A'B'-13;;DUMBEA;NIVELLEMENT;RCNC
DUMBEA;GNIREP.26;ADAP;;;A'B'-16 bis;;DUMBEA;NIVELLEMENT;
DUMBEA;GNIREP.27;OBS;70.988;;A'B'-17;;DUMBEA;NIVELLEMENT;RCNC
DUMBEA;GNIREP.28;OBS;64.594;;A'B'-18;;DUMBEA;NIVELLEMENT;RCNC
DUMBEA;GNIREP.29;ADAP;;;A'B'-19;;DUMBEA;NIVELLEMENT;
DUMBEA;GNIREP.30;ADAP;;;A'B'-20;;DUMBEA;NIVELLEMENT;
DUMBEA;GNIREP.31;OBS;76.142;;A'B'-21;;DUMBEA;NIVELLEMENT;RCNC
DUMBEA;GNIREP.32;OBS;69.97;;A'B'-22;;DUMBEA;NIVELLEMENT;RCNC
DUMBEA;GNIREP.33;OBS;70.368;;A'B'-23;;DUMBEA;NIVELLEMENT;RCNC
DUMBEA;GNIREP.34;OBS;68.91;;A'B'-24;;DUMBEA;NIVELLEMENT;RCNC
DUMBEA;GNIREP.64;GRA;;;A'B'-24 a;;DUMBEA;NIVELLEMENT;RCNC
DUMBEA;GNIREP.35;ADAP;;;A'B'-25;;DUMBEA;NIVELLEMENT;
DUMBEA;GNIREP.36;ADAP;;;A'B'-26;;DUMBEA;NIVELLEMENT;
DUMBEA;GNIREP.37;OBS;65.06;;A'B'-27;;DUMBEA;NIVELLEMENT;RCNC
DUMBEA;GNIREP.38;ADAP;;;A'B'-28;;DUMBEA;NIVELLEMENT;
DUMBEA;GNIREP.44;GRA;;;A'B'-28 I;;DUMBEA;NIVELLEMENT;
DUMBEA;GNIREP.39;OBS;76.86;;A'B'-5 a;;DUMBEA;NIVELLEMENT;RCNC
DUMBEA;GNIREP.40;OBS;81.08;;A'B'-6;;DUMBEA;NIVELLEMENT;RCNC
DUMBEA;GNIREP.9;ADAP;;;AB-15;;DUMBEA;NIVELLEMENT;
DUMBEA;GNIREP.10;ADAP;;;AB-16;;DUMBEA;NIVELLEMENT;
DUMBEA;GNIREP.43;GRA;;;AB-19;;DUMBEA;NIVELLEMENT;
DUMBEA;GNIREP.11;ADAP;170.107;;AB-20;;DUMBEA;NIVELLEMENT;RCNC
DUMBEA;GNIREP.12;OBS;109.163;;AB-22;;DUMBEA;NIVELLEMENT;RCNC
DUMBEA;GNIREP.13;OBS;94.437;;AB-23;;DUMBEA;NIVELLEMENT;RCNC
DUMBEA;GNIREP.14;ADAP;;;AB-24;;DUMBEA;NIVELLEMENT;
DUMBEA;GNIREP.15;OBS;74.422;;AB-25;;DUMBEA;NIVELLEMENT;RCNC
DUMBEA;GNIREP.16;OBS;69.958;;AB-26;;DUMBEA;NIVELLEMENT;RCNC
DUMBEA;GNIREP.17;ADAP;;;AB-26 bis;;DUMBEA;NIVELLEMENT;
DUMBEA;GNIREP.18;ADAP;;;AB-27;;DUMBEA;NIVELLEMENT;
DUMBEA;GNIREP.19;ADAP;;;AB-28;;DUMBEA;NIVELLEMENT;
DUMBEA;GNIREP.20;OBS;65.351;;AB-29;;DUMBEA;NIVELLEMENT;RCNC
DUMBEA;GNIREP.21;OBS;69.147;;AB-30;;DUMBEA;NIVELLEMENT;RCNC
DUMBEA;GNIREP.22;ADAP;;;AB-31;;DUMBEA;NIVELLEMENT;
DUMBEA;GNIREP.23;ADAP;;;AB-32;;DUMBEA;NIVELLEMENT;
DUMBEA;GNIREP.24;ADAP;;;AB-33;;DUMBEA;NIVELLEMENT;
DUMBEA;GNIREP.1;OBS;65.58;;Aa.k3o3-1;;DUMBEA;NIVELLEMENT;RCNC
DUMBEA;GNIREP.2;OBS;146.58;;Aa.k3o3-10;;DUMBEA;NIVELLEMENT;RCNC
DUMBEA;GNIREP.3;OBS;156.07;;Aa.k3o3-11;;DUMBEA;NIVELLEMENT;RCNC
DUMBEA;GNIREP.63;ADAP;;;Aa.k3o3-12;;DUMBEA;NIVELLEMENT;RCNC
DUMBEA;GNIREP.4;OBS;70.02;;Aa.k3o3-2;;DUMBEA;NIVELLEMENT;RCNC
DUMBEA;GNIREP.5;OBS;96.13;;Aa.k3o3-4;;DUMBEA;NIVELLEMENT;RCNC
DUMBEA;GNIREP.6;OBS;104.34;;Aa.k3o3-7;;DUMBEA;NIVELLEMENT;RCNC
DUMBEA;GNIREP.7;OBS;120.76;;Aa.k3o3-8;;DUMBEA;NIVELLEMENT;RCNC
DUMBEA;GNIREP.8;OBS;129.63;;Aa.k3o3-9;;DUMBEA;NIVELLEMENT;RCNC
DUMBEA;GNIREP.45;ADAP;;;Aa.l3o3-1;;DUMBEA;NIVELLEMENT;
DUMBEA;GNIREP.60;GRA;;;Aa.l3o3-10;;DUMBEA;NIVELLEMENT;
DUMBEA;GNIREP.61;GRA;;;Aa.l3o3-10 I;;DUMBEA;NIVELLEMENT;
DUMBEA;GNIREP.62;GRA;;;Aa.l3o3-10 II;;DUMBEA;NIVELLEMENT;
DUMBEA;GNIREP.46;ADAP;;;Aa.l3o3-2;;DUMBEA;NIVELLEMENT;
DUMBEA;GNIREP.47;GRA;;;Aa.l3o3-3;;DUMBEA;NIVELLEMENT;
DUMBEA;GNIREP.48;GRA;;;Aa.l3o3-4;;DUMBEA;NIVELLEMENT;
DUMBEA;GNIREP.49;GRA;;;Aa.l3o3-5;;DUMBEA;NIVELLEMENT;
DUMBEA;GNIREP.50;GRA;;;Aa.l3o3-6;;DUMBEA;NIVELLEMENT;
DUMBEA;GNIREP.51;GRA;;;Aa.l3o3-7;;DUMBEA;NIVELLEMENT;
DUMBEA;GNIREP.52;GRA;;;Aa.l3o3-7 I;;DUMBEA;NIVELLEMENT;
DUMBEA;GNIREP.53;GRA;;;Aa.l3o3-7 II;;DUMBEA;NIVELLEMENT;
DUMBEA;GNIREP.54;GRA;;;Aa.l3o3-8;;DUMBEA;NIVELLEMENT;
DUMBEA;GNIREP.55;GRA;;;Aa.l3o3-8 I;;DUMBEA;NIVELLEMENT;
DUMBEA;GNIREP.56;GRA;;;Aa.l3o3-8 II;;DUMBEA;NIVELLEMENT;
DUMBEA;GNIREP.57;GRA;;;Aa.l3o3-9;;DUMBEA;NIVELLEMENT;
DUMBEA;GNIREP.58;GRA;;;Aa.l3o3-9 I;;DUMBEA;NIVELLEMENT;
DUMBEA;GNIREP.59;GRA;;;Aa.l3o3-9 II;;DUMBEA;NIVELLEMENT;
DUMBEA;GNIREP.41;ADAP;;;Ba.n3-6;;DUMBEA;NIVELLEMENT;
DUMBEA;GNIREP.42;OBS;70.27;;Ba.n3-7;;DUMBEA;NIVELLEMENT;RCNC
ILE DES PINS;GNIREP.25;GRA;;;IDP-1;;ILE DES PINS;NIVELLEMENT;
ILE DES PINS;GNIREP.35;GRA;;;IDP-10;;ILE DES PINS;NIVELLEMENT;
ILE DES PINS;GNIREP.36;GRA;;;IDP-11;;ILE DES PINS;NIVELLEMENT;
ILE DES PINS;GNIREP.1;OBS;94.67;;IDP-11 a;;ILE DES PINS;NIVELLEMENT;RCNC
ILE DES PINS;GNIREP.2;OBS;124.63;;IDP-12 bis;;ILE DES PINS;NIVELLEMENT;RCNC
ILE DES PINS;GNIREP.3;OBS;144.56;;IDP-13;;ILE DES PINS;NIVELLEMENT;RCNC
ILE DES PINS;GNIREP.4;ADAP;;;IDP-14;;ILE DES PINS;NIVELLEMENT;
ILE DES PINS;GNIREP.26;GRA;;;IDP-14 I;;ILE DES PINS;NIVELLEMENT;
ILE DES PINS;GNIREP.27;GRA;;;IDP-15;;ILE DES PINS;NIVELLEMENT;
ILE DES PINS;GNIREP.5;OBS;124.34;;IDP-15 a;;ILE DES PINS;NIVELLEMENT;RCNC
ILE DES PINS;GNIREP.64;GRA;;;IDP-15 bis;;ILE DES PINS;NIVELLEMENT;
ILE DES PINS;GNIREP.57;GRA;;;IDP-17 bis;;ILE DES PINS;NIVELLEMENT;
ILE DES PINS;GNIREP.58;GRA;;;IDP-18;;ILE DES PINS;NIVELLEMENT;
ILE DES PINS;GNIREP.60;GRA;;;IDP-19 bis;;ILE DES PINS;NIVELLEMENT;
ILE DES PINS;GNIREP.6;OBS;61.010;;IDP-2;;ILE DES PINS;NIVELLEMENT;RCNC
ILE DES PINS;GNIREP.59;OBS;72.80;;IDP-20 bis;;ILE DES PINS;NIVELLEMENT;RCNC
ILE DES PINS;GNIREP.7;OBS;89.28;;IDP-21;;ILE DES PINS;NIVELLEMENT;RCNC
ILE DES PINS;GNIREP.8;OBS;79.72;;IDP-22 bis;;ILE DES PINS;NIVELLEMENT;RCNC
ILE DES PINS;GNIREP.9;OBS;83.76;;IDP-23 bis;;ILE DES PINS;NIVELLEMENT;RCNC
ILE DES PINS;GNIREP.37;GRA;;;IDP-24;;ILE DES PINS;NIVELLEMENT;
ILE DES PINS;GNIREP.38;GRA;;;IDP-25;;ILE DES PINS;NIVELLEMENT;
ILE DES PINS;GNIREP.10;OBS;84.24;;IDP-25 a;;ILE DES PINS;NIVELLEMENT;RCNC
ILE DES PINS;GNIREP.65;GRA;;;IDP-25 b;;ILE DES PINS;NIVELLEMENT;
ILE DES PINS;GNIREP.11;OBS;80.91;;IDP-26;;ILE DES PINS;NIVELLEMENT;RCNC
ILE DES PINS;GNIREP.12;OBS;78.64;;IDP-27;;ILE DES PINS;NIVELLEMENT;RCNC
ILE DES PINS;GNIREP.66;GRA;;;IDP-27 bis;;ILE DES PINS;NIVELLEMENT;
ILE DES PINS;GNIREP.13;OBS;75.75;;IDP-28;;ILE DES PINS;NIVELLEMENT;RCNC
ILE DES PINS;GNIREP.39;GRA;;;IDP-29;;ILE DES PINS;NIVELLEMENT;
ILE DES PINS;GNIREP.28;GRA;;;IDP-3;;ILE DES PINS;NIVELLEMENT;
ILE DES PINS;GNIREP.77;GRA;;;IDP-3 a;;ILE DES PINS;NIVELLEMENT;
ILE DES PINS;GNIREP.40;GRA;;;IDP-30;;ILE DES PINS;NIVELLEMENT;
ILE DES PINS;GNIREP.67;GRA;;;IDP-30 bis;;ILE DES PINS;NIVELLEMENT;
ILE DES PINS;GNIREP.68;GRA;;;IDP-31 bis;;ILE DES PINS;NIVELLEMENT;
ILE DES PINS;GNIREP.69;GRA;;;IDP-32 bis;;ILE DES PINS;NIVELLEMENT;
ILE DES PINS;GNIREP.41;GRA;;;IDP-33;;ILE DES PINS;NIVELLEMENT;
ILE DES PINS;GNIREP.14;OBS;63.23;;IDP-34;;ILE DES PINS;NIVELLEMENT;RCNC
ILE DES PINS;GNIREP.42;GRA;;;IDP-35;;ILE DES PINS;NIVELLEMENT;
ILE DES PINS;GNIREP.70;GRA;;;IDP-35 bis;;ILE DES PINS;NIVELLEMENT;
ILE DES PINS;GNIREP.43;GRA;;;IDP-36;;ILE DES PINS;NIVELLEMENT;
ILE DES PINS;GNIREP.44;GRA;;;IDP-37;;ILE DES PINS;NIVELLEMENT;
ILE DES PINS;GNIREP.15;OBS;148.38;;IDP-38;;ILE DES PINS;NIVELLEMENT;RCNC
ILE DES PINS;GNIREP.71;GRA;;;IDP-39;;ILE DES PINS;NIVELLEMENT;
ILE DES PINS;GNIREP.29;OBS;64.27;;IDP-4;;ILE DES PINS;NIVELLEMENT;RCNC
ILE DES PINS;GNIREP.45;GRA;;;IDP-40;;ILE DES PINS;NIVELLEMENT;
ILE DES PINS;GNIREP.46;GRA;;;IDP-41;;ILE DES PINS;NIVELLEMENT;
ILE DES PINS;GNIREP.47;GRA;;;IDP-42;;ILE DES PINS;NIVELLEMENT;
ILE DES PINS;GNIREP.48;GRA;;;IDP-43;;ILE DES PINS;NIVELLEMENT;
ILE DES PINS;GNIREP.49;GRA;;;IDP-44;;ILE DES PINS;NIVELLEMENT;
ILE DES PINS;GNIREP.50;GRA;;;IDP-45;;ILE DES PINS;NIVELLEMENT;
ILE DES PINS;GNIREP.51;GRA;;;IDP-46;;ILE DES PINS;NIVELLEMENT;
ILE DES PINS;GNIREP.52;GRA;;;IDP-47;;ILE DES PINS;NIVELLEMENT;
ILE DES PINS;GNIREP.53;GRA;;;IDP-48;;ILE DES PINS;NIVELLEMENT;
ILE DES PINS;GNIREP.16;OBS;166.22;;IDP-49;;ILE DES PINS;NIVELLEMENT;RCNC
ILE DES PINS;GNIREP.30;GRA;;;IDP-5;;ILE DES PINS;NIVELLEMENT;
ILE DES PINS;GNIREP.56;GRA;;;IDP-50;;ILE DES PINS;NIVELLEMENT;
ILE DES PINS;GNIREP.17;OBS;104.16;;IDP-51;;ILE DES PINS;NIVELLEMENT;RCNC
ILE DES PINS;GNIREP.61;GRA;;;IDP-52;;ILE DES PINS;NIVELLEMENT;
ILE DES PINS;GNIREP.62;GRA;;;IDP-53;;ILE DES PINS;NIVELLEMENT;
ILE DES PINS;GNIREP.18;OBS;96.67;;IDP-54;;ILE DES PINS;NIVELLEMENT;RCNC
ILE DES PINS;GNIREP.63;GRA;;;IDP-55;;ILE DES PINS;NIVELLEMENT;
ILE DES PINS;GNIREP.19;OBS;83.90;;IDP-56;;ILE DES PINS;NIVELLEMENT;RCNC
ILE DES PINS;GNIREP.20;OBS;84.67;;IDP-57;;ILE DES PINS;NIVELLEMENT;RCNC
ILE DES PINS;GNIREP.21;OBS;68.21;;IDP-58;;ILE DES PINS;NIVELLEMENT;RCNC
ILE DES PINS;GNIREP.22;OBS;79.54;;IDP-59;;ILE DES PINS;NIVELLEMENT;RCNC
ILE DES PINS;GNIREP.31;GRA;;;IDP-6;;ILE DES PINS;NIVELLEMENT;
ILE DES PINS;GNIREP.54;GRA;;;IDP-60;;ILE DES PINS;NIVELLEMENT;
ILE DES PINS;GNIREP.55;GRA;;;IDP-61;;ILE DES PINS;NIVELLEMENT;
ILE DES PINS;GNIREP.23;OBS;89.96;;IDP-62;;ILE DES PINS;NIVELLEMENT;RCNC
ILE DES PINS;GNIREP.24;OBS;83.53;;IDP-63;;ILE DES PINS;NIVELLEMENT;RCNC
ILE DES PINS;GNIREP.72;GRA;;;IDP-64;;ILE DES PINS;NIVELLEMENT;
ILE DES PINS;GNIREP.73;GRA;;;IDP-65;;ILE DES PINS;NIVELLEMENT;
ILE DES PINS;GNIREP.74;GRA;;;IDP-66;;ILE DES PINS;NIVELLEMENT;
ILE DES PINS;GNIREP.75;GRA;;;IDP-67;;ILE DES PINS;NIVELLEMENT;
ILE DES PINS;GNIREP.76;GRA;;;IDP-68;;ILE DES PINS;NIVELLEMENT;
ILE DES PINS;GNIREP.32;OBS;71.36;;IDP-7;;ILE DES PINS;NIVELLEMENT;RCNC
ILE DES PINS;GNIREP.33;GRA;;;IDP-8;;ILE DES PINS;NIVELLEMENT;
ILE DES PINS;GNIREP.34;GRA;;;IDP-9;;ILE DES PINS;NIVELLEMENT;
LA FOA;GNIREP.77;ADAP;;;A'B'-110;;LA FOA;NIVELLEMENT;
LA FOA;GNIREP.78;ADAP;;;A'B'-111;;LA FOA;NIVELLEMENT;
LA FOA;GNIREP.23;OBS;71.36;;A.bc-1 bis;;LA FOA;NIVELLEMENT;RCNC
LA FOA;GNIREP.31;OBS;102.87;;A.bc-10 bis;;SARRAMEA;NIVELLEMENT;RCNC
LA FOA;GNIREP.32;OBS;111.83;;A.bc-11 bis;;SARRAMEA;NIVELLEMENT;RCNC
LA FOA;GNIREP.33;GRA;;;A.bc-12;;SARRAMEA;NIVELLEMENT;
LA FOA;GNIREP.34;OBS;158.50;;A.bc-13 bis;;SARRAMEA;NIVELLEMENT;RCNC
LA FOA;GNIREP.35;OBS;209.25;;A.bc-14;;SARRAMEA;NIVELLEMENT;RCNC
LA FOA;GNIREP.36;GRA;;;A.bc-15;;SARRAMEA;NIVELLEMENT;
LA FOA;GNIREP.37;OBS;275.12;;A.bc-16 bis;;SARRAMEA;NIVELLEMENT;RCNC
LA FOA;GNIREP.38;GRA;;;A.bc-18;;SARRAMEA;NIVELLEMENT;
LA FOA;GNIREP.39;GRA;;;A.bc-19 bis;;SARRAMEA;NIVELLEMENT;
LA FOA;GNIREP.24;GRA;;;A.bc-2 bis;;SARRAMEA;NIVELLEMENT;
LA FOA;GNIREP.40;GRA;;;A.bc-20;;SARRAMEA;NIVELLEMENT;
LA FOA;GNIREP.41;GRA;;;A.bc-21 bis;;SARRAMEA;NIVELLEMENT;
LA FOA;GNIREP.42;GRA;;;A.bc-22 bis;;SARRAMEA;NIVELLEMENT;
LA FOA;GNIREP.43;OBS;533.10;;A.bc-23 bis;;SARRAMEA;NIVELLEMENT;RCNC
LA FOA;GNIREP.44;GRA;;;A.bc-24;;SARRAMEA;NIVELLEMENT;
LA FOA;GNIREP.45;GRA;;;A.bc-25;;SARRAMEA;NIVELLEMENT;
LA FOA;GNIREP.89;GRA;;;A.bc-26 I;;SARRAMEA;NIVELLEMENT;
LA FOA;GNIREP.52;GRA;;;A.bc-28 bis;;SARRAMEA;NIVELLEMENT;
LA FOA;GNIREP.53;GRA;;;A.bc-29;;SARRAMEA;NIVELLEMENT;
LA FOA;GNIREP.25;GRA;;;A.bc-3 bis;;SARRAMEA;NIVELLEMENT;
LA FOA;GNIREP.90;GRA;;;A.bc-3 bis I;;SARRAMEA;NIVELLEMENT;
LA FOA;GNIREP.54;GRA;;;A.bc-30 bis;;SARRAMEA;NIVELLEMENT;
LA FOA;GNIREP.55;OBS;392.14;;A.bc-31 bis;;SARRAMEA;NIVELLEMENT;RCNC
LA FOA;GNIREP.56;GRA;;;A.bc-32 bis;;SARRAMEA;NIVELLEMENT;
LA FOA;GNIREP.88;GRA;;;A.bc-33 bis;;SARRAMEA;NIVELLEMENT;
LA FOA;GNIREP.58;GRA;;;A.bc-34;;SARRAMEA;NIVELLEMENT;
LA FOA;GNIREP.87;GRA;;;A.bc-36 bis I;;SARRAMEA;NIVELLEMENT;
LA FOA;GNIREP.86;GRA;;;A.bc-38 bis;;SARRAMEA;NIVELLEMENT;
LA FOA;GNIREP.26;GRA;;;A.bc-4;;SARRAMEA;NIVELLEMENT;
LA FOA;GNIREP.27;OBS;81.11;;A.bc-4 bis;;SARRAMEA;NIVELLEMENT;RCNC
LA FOA;GNIREP.28;OBS;84.62;;A.bc-6;;SARRAMEA;NIVELLEMENT;RCNC
LA FOA;GNIREP.29;OBS;89.16;;A.bc-6 bis;;SARRAMEA;NIVELLEMENT;RCNC
LA FOA;GNIREP.30;OBS;97.47;;A.bc-8;;SARRAMEA;NIVELLEMENT;RCNC
LA FOA;GNIREP.2;OBS;113.23;;AB-104;;LA FOA;NIVELLEMENT;RCNC
LA FOA;GNIREP.76;GRA;;;AB-105 bis;;LA FOA;NIVELLEMENT;
LA FOA;GNIREP.3;ADAP;;;AB-106;;LA FOA;NIVELLEMENT;
LA FOA;GNIREP.4;OBS;112.54;;AB-107;;LA FOA;NIVELLEMENT;RCNC
LA FOA;GNIREP.5;OBS;95.79;;AB-108;;LA FOA;NIVELLEMENT;RCNC
LA FOA;GNIREP.6;OBS;104.47;;AB-109;;LA FOA;NIVELLEMENT;RCNC
LA FOA;GNIREP.7;OBS;110.86;;AB-110;;LA FOA;NIVELLEMENT;RCNC
LA FOA;GNIREP.8;ADAP;;;AB-110 I;;LA FOA;NIVELLEMENT;
LA FOA;GNIREP.79;GRA;;;AB-111 bis;;LA FOA;NIVELLEMENT;
LA FOA;GNIREP.9;ADAP;;;AB-112;;LA FOA;NIVELLEMENT;
LA FOA;GNIREP.10;OBS;118.02;;AB-112 a;;LA FOA;NIVELLEMENT;RCNC
LA FOA;GNIREP.11;OBS;112.09;;AB-113;;LA FOA;NIVELLEMENT;RCNC
LA FOA;GNIREP.12;OBS;91.21;;AB-114;;LA FOA;NIVELLEMENT;RCNC
LA FOA;GNIREP.13;OBS;77.96;;AB-115;;LA FOA;NIVELLEMENT;RCNC
LA FOA;GNIREP.14;OBS;73.067;;AB-115 a;;LA FOA;NIVELLEMENT;RCNC
LA FOA;GNIREP.15;ADAP;;;AB-116;;LA FOA;NIVELLEMENT;
LA FOA;GNIREP.16;ADAP;;;AB-116 a;;LA FOA;NIVELLEMENT;
LA FOA;GNIREP.17;GRA;;;AB-117 bis;;LA FOA;NIVELLEMENT;
LA FOA;GNIREP.51;GRA;;;AB-117 ter;;LA FOA;NIVELLEMENT;
LA FOA;GNIREP.84;GRA;;;AB-118 bis;;LA FOA;NIVELLEMENT;
LA FOA;GNIREP.83;GRA;;;AB-119 a bis;;LA FOA;NIVELLEMENT;
LA FOA;GNIREP.64;ADAP;;;AB-119 bis;;LA FOA;NIVELLEMENT;
LA FOA;GNIREP.19;ADAP;;;AB-120 bis;;LA FOA;NIVELLEMENT;
LA FOA;GNIREP.85;GRA;;;AB-120 ter;;LA FOA;NIVELLEMENT;
LA FOA;GNIREP.20;GRA;;;AB-121 a;;LA FOA;NIVELLEMENT;
LA FOA;GNIREP.65;GRA;;;AB-121 b;;LA FOA;NIVELLEMENT;
LA FOA;GNIREP.67;GRA;;;AB-122 a;;LA FOA;NIVELLEMENT;
LA FOA;GNIREP.66;OBS;78.27;;AB-122 bis;;LA FOA;NIVELLEMENT;RCNC
LA FOA;GNIREP.60;OBS;74.68;;AB-123 b;;FARINO;NIVELLEMENT;RCNC
LA FOA;GNIREP.21;GRA;;;AB-123 ter;;LA FOA;NIVELLEMENT;
LA FOA;GNIREP.61;OBS;121.51;;AB-124 a;;LA FOA;NIVELLEMENT;RCNC
LA FOA;GNIREP.22;OBS;99.62;;AB-124 bis;;LA FOA;NIVELLEMENT;RCNC
LA FOA;GNIREP.68;OBS;73.42;;AB-126 bis;;LA FOA;NIVELLEMENT;RCNC
LA FOA;GNIREP.80;OBS;69.84;;AB-127 bis;;LA FOA;NIVELLEMENT;RCNC
LA FOA;GNIREP.62;OBS;76.88;;AB-128 a;;LA FOA;NIVELLEMENT;RCNC
LA FOA;GNIREP.63;OBS;79.03;;AB-129 a;;LA FOA;NIVELLEMENT;RCNC
LA FOA;GNIREP.81;OBS;67.42;;AB-130 bis;;LA FOA;NIVELLEMENT;RCNC
LA FOA;GNIREP.49;OBS;101.59;;Ab.k3l3-11;;LA FOA;NIVELLEMENT;RCNC
LA FOA;GNIREP.50;OBS;115.18;;Ab.k3l3-12;;LA FOA;NIVELLEMENT;RCNC
LA FOA;GNIREP.75;OBS;70.22;;Ab.k3l3-2;;LA FOA;NIVELLEMENT;RCNC
LA FOA;GNIREP.47;OBS;68.71;;Ab.k3l3-3;;LA FOA;NIVELLEMENT;RCNC
LA FOA;GNIREP.48;OBS;73.46;;Ab.k3l3-5;;LA FOA;NIVELLEMENT;RCNC
LA FOA;GNIREP.82;OBS;80.376;;Ab.k3l3-8 bis;;LA FOA;NIVELLEMENT;RCNC
LA FOA;GNIREP.69;ADAP;;;B.de-32;;LA FOA;NIVELLEMENT;
LA FOA;GNIREP.70;ADAP;;;B.de-33;;LA FOA;NIVELLEMENT;
LA FOA;GNIREP.71;ADAP;;;B.de-34;;LA FOA;NIVELLEMENT;
LA FOA;GNIREP.72;ADAP;;;B.de-34 I;;LA FOA;NIVELLEMENT;
LA FOA;GNIREP.73;ADAP;;;B.de-34 II;;LA FOA;NIVELLEMENT;
LA FOA;GNIREP.74;OBS;78.78;;B.de-35;;LA FOA;NIVELLEMENT;RCNC
MOINDOU;GNIREP.24;OBS;76.121;;A'B'-134;;MOINDOU;NIVELLEMENT;RCNC
MOINDOU;GNIREP.25;OBS;64.989;;A'B'-138;;MOINDOU;NIVELLEMENT;RCNC
MOINDOU;GNIREP.27;GRA;;;A'B'-140;;MOINDOU;NIVELLEMENT;
MOINDOU;GNIREP.28;GRA;;;A'B'-141;;MOINDOU;NIVELLEMENT;
MOINDOU;GNIREP.29;ADAP;;;A'B'-143;;MOINDOU;NIVELLEMENT;
MOINDOU;GNIREP.30;OBS;189.532;;A'B'-144;;MOINDOU;NIVELLEMENT;RCNC
MOINDOU;GNIREP.31;ADAP;;;A'B'-145;;MOINDOU;NIVELLEMENT;
MOINDOU;GNIREP.32;ADAP;;;A'B'-146;;MOINDOU;NIVELLEMENT;
MOINDOU;GNIREP.33;OBS;275.852;;A'B'-147;;MOINDOU;NIVELLEMENT;RCNC
MOINDOU;GNIREP.15;OBS;72.45;;AB-131 a;;MOINDOU;NIVELLEMENT;RCNC
MOINDOU;GNIREP.16;OBS;64.82;;AB-132 a;;MOINDOU;NIVELLEMENT;RCNC
MOINDOU;GNIREP.1;OBS;64.20;;AB-132 bis;;MOINDOU;NIVELLEMENT;RCNC
MOINDOU;GNIREP.17;OBS;75.74;;AB-134;;MOINDOU;NIVELLEMENT;RCNC
MOINDOU;GNIREP.18;GRA;;;AB-135 a;;MOINDOU;NIVELLEMENT;
MOINDOU;GNIREP.19;GRA;;;AB-136 a;;MOINDOU;NIVELLEMENT;
MOINDOU;GNIREP.20;GRA;;;AB-136 bis;;MOINDOU;NIVELLEMENT;
MOINDOU;GNIREP.22;OBS;67.17;;AB-137 b;;MOINDOU;NIVELLEMENT;RCNC
MOINDOU;GNIREP.23;OBS;68.98;;AB-137 bis;;MOINDOU;NIVELLEMENT;RCNC
MOINDOU;GNIREP.2;OBS;66.28;;AB-138 a;;MOINDOU;NIVELLEMENT;RCNC
MOINDOU;GNIREP.3;OBS;68.78;;AB-139;;MOINDOU;NIVELLEMENT;RCNC
MOINDOU;GNIREP.4;OBS;81.06;;AB-139 a;;MOINDOU;NIVELLEMENT;RCNC
MOINDOU;GNIREP.5;OBS;89.64;;AB-140;;MOINDOU;NIVELLEMENT;RCNC
MOINDOU;GNIREP.6;OBS;91.52;;AB-141;;MOINDOU;NIVELLEMENT;RCNC
MOINDOU;GNIREP.7;OBS;66.98;;AB-142;;MOINDOU;NIVELLEMENT;RCNC
MOINDOU;GNIREP.8;OBS;71.14;;AB-142 a;;MOINDOU;NIVELLEMENT;RCNC
MOINDOU;GNIREP.34;GRA;;;AB-142 b;;MOINDOU;NIVELLEMENT;
MOINDOU;GNIREP.9;OBS;65.63;;AB-143;;MOINDOU;NIVELLEMENT;RCNC
MOINDOU;GNIREP.10;OBS;66.83;;AB-143 a;;MOINDOU;NIVELLEMENT;RCNC
MOINDOU;GNIREP.11;OBS;65.34;;AB-144;;MOINDOU;NIVELLEMENT;RCNC
MOINDOU;GNIREP.35;OBS;65.63;;AB-145;;MOINDOU;NIVELLEMENT;RCNC
MOINDOU;GNIREP.12;OBS;68.97;;AB-146;;MOINDOU;NIVELLEMENT;RCNC
MOINDOU;GNIREP.13;OBS;75.25;;AB-146 g;;MOINDOU;NIVELLEMENT;RCNC
MONT-DORE;GNIREP.78;ADAP;;;AC-1;;MONT-DORE;NIVELLEMENT;
MONT-DORE;GNIREP.3;OBS;63.21;;AC-10;;MONT-DORE;NIVELLEMENT;RCNC
MONT-DORE;GNIREP.4;OBS;62.73;;AC-11 bis;;MONT-DORE;NIVELLEMENT;RCNC
MONT-DORE;GNIREP.5;ADAP;65.53;;AC-12 a;;MONT-DORE;NIVELLEMENT;
MONT-DORE;GNIREP.6;ADAP;62.89;;AC-12 bis;;MONT-DORE;NIVELLEMENT;
MONT-DORE;GNIREP.7;OBS;62.36;;AC-12 bis a;;MONT-DORE;NIVELLEMENT;RCNC
MONT-DORE;GNIREP.80;GRA;;;AC-12 bis b;;MONT-DORE;NIVELLEMENT;
MONT-DORE;GNIREP.8;OBS;70.20;;AC-13 bis;;MONT-DORE;NIVELLEMENT;RCNC
MONT-DORE;GNIREP.9;OBS;75.63;;AC-14 a;;MONT-DORE;NIVELLEMENT;RCNC
MONT-DORE;GNIREP.10;OBS;72.84;;AC-16;;MONT-DORE;NIVELLEMENT;
MONT-DORE;GNIREP.94;GRA;;;AC-16 bis;;MONT-DORE;NIVELLEMENT;
MONT-DORE;GNIREP.11;OBS;73.05;;AC-17;;MONT-DORE;NIVELLEMENT;
MONT-DORE;GNIREP.12;ADAP;;;AC-18;;MONT-DORE;NIVELLEMENT;
MONT-DORE;GNIREP.13;OBS;78.62;;AC-19;;MONT-DORE;NIVELLEMENT;RCNC
MONT-DORE;GNIREP.76;OBS;65.12;;AC-2 bis;;MONT-DORE;NIVELLEMENT;
MONT-DORE;GNIREP.14;OBS;81.81;;AC-20;;MONT-DORE;NIVELLEMENT;RCNC
MONT-DORE;GNIREP.15;OBS;92.08;;AC-21;;MONT-DORE;NIVELLEMENT;RCNC
MONT-DORE;GNIREP.16;OBS;159.47;;AC-22;;MONT-DORE;NIVELLEMENT;RCNC
MONT-DORE;GNIREP.17;OBS;232.51;;AC-23 a;;MONT-DORE;NIVELLEMENT;
MONT-DORE;GNIREP.18;OBS;276.49;;AC-24 bis;;MONT-DORE;NIVELLEMENT;
MONT-DORE;GNIREP.19;OBS;;;AC-26;;MONT-DORE;NIVELLEMENT;
MONT-DORE;GNIREP.20;OBS;210.48;;AC-29;;MONT-DORE;NIVELLEMENT;
MONT-DORE;GNIREP.77;ADAP;;;AC-3;;MONT-DORE;NIVELLEMENT;
MONT-DORE;GNIREP.21;OBS;280.346;;AC-30;;MONT-DORE;NIVELLEMENT;
MONT-DORE;GNIREP.22;OBS;305.84;;AC-31;;MONT-DORE;NIVELLEMENT;
MONT-DORE;GNIREP.23;OBS;317.19;;AC-32;;MONT-DORE;NIVELLEMENT;
MONT-DORE;GNIREP.24;OBS;320.02;;AC-33 bis;;MONT-DORE;NIVELLEMENT;
MONT-DORE;GNIREP.25;OBS;;;AC-34;;MONT-DORE;NIVELLEMENT;
MONT-DORE;GNIREP.26;OBS;244.45;;AC-35;;MONT-DORE;NIVELLEMENT;
MONT-DORE;GNIREP.27;OBS;183.32;;AC-35 a;;MONT-DORE;NIVELLEMENT;
MONT-DORE;GNIREP.28;OBS;160.24;;AC-37;;MONT-DORE;NIVELLEMENT;
MONT-DORE;GNIREP.29;OBS;176.72;;AC-38;;MONT-DORE;NIVELLEMENT;
MONT-DORE;GNIREP.30;OBS;188.83;;AC-38 a;;MONT-DORE;NIVELLEMENT;
MONT-DORE;GNIREP.31;OBS;208.25;;AC-39;;MONT-DORE;NIVELLEMENT;
MONT-DORE;GNIREP.79;OBS;;;AC-4 bis;;MONT-DORE;NIVELLEMENT;
MONT-DORE;GNIREP.32;OBS;217.92;;AC-40;;MONT-DORE;NIVELLEMENT;
MONT-DORE;GNIREP.33;OBS;221.98;;AC-41;;MONT-DORE;NIVELLEMENT;
MONT-DORE;GNIREP.81;ADAP;;;AC-42;;MONT-DORE;NIVELLEMENT;
MONT-DORE;GNIREP.34;OBS;64.49;;AC-6;;MONT-DORE;NIVELLEMENT;RCNC
MONT-DORE;GNIREP.35;OBS;64.60;;AC-7 bis;;MONT-DORE;NIVELLEMENT;RCNC
MONT-DORE;GNIREP.36;OBS;66.75;;AC-8;;MONT-DORE;NIVELLEMENT;RCNC
MONT-DORE;GNIREP.37;OBS;64.31;;AC-9 bis;;MONT-DORE;NIVELLEMENT;RCNC
MONT-DORE;GNIREP.2;OBS;235.17;;Aa.k3n3-1;;MONT-DORE;NIVELLEMENT;
MONT-DORE;GNIREP.38;OBS;62.687;;C.ab-1;;MONT-DORE;NIVELLEMENT;RCNC
MONT-DORE;GNIREP.39;OBS;66.75;;C.ab-1 a;;MONT-DORE;NIVELLEMENT;RCNC
MONT-DORE;GNIREP.40;OBS;74.36;;C.ab-10 a;;MONT-DORE;NIVELLEMENT;RCNC
MONT-DORE;GNIREP.41;OBS;75.17;;C.ab-10 bis;;MONT-DORE;NIVELLEMENT;RCNC
MONT-DORE;GNIREP.42;OBS;66.78;;C.ab-11 a;;MONT-DORE;NIVELLEMENT;RCNC
MONT-DORE;GNIREP.43;OBS;66.47;;C.ab-11 c;;MONT-DORE;NIVELLEMENT;RCNC
MONT-DORE;GNIREP.44;OBS;66.816;;C.ab-13;;MONT-DORE;NIVELLEMENT;
MONT-DORE;GNIREP.45;OBS;64.57;;C.ab-14;;MONT-DORE;NIVELLEMENT;RCNC
MONT-DORE;GNIREP.46;ADAP;;;C.ab-16;;MONT-DORE;NIVELLEMENT;
MONT-DORE;GNIREP.47;OBS;69.04;;C.ab-17;;MONT-DORE;NIVELLEMENT;RCNC
MONT-DORE;GNIREP.48;OBS;66.65;;C.ab-2 a;;MONT-DORE;NIVELLEMENT;RCNC
MONT-DORE;GNIREP.49;OBS;109.87;;C.ab-20;;MONT-DORE;NIVELLEMENT;RCNC
MONT-DORE;GNIREP.50;OBS;123.17;;C.ab-26;;MONT-DORE;NIVELLEMENT;RCNC
MONT-DORE;GNIREP.51;OBS;200.784;;C.ab-27;;MONT-DORE;NIVELLEMENT;
MONT-DORE;GNIREP.93;GRA;;;C.ab-27 bis;;MONT-DORE;NIVELLEMENT;
MONT-DORE;GNIREP.52;OBS;94.710;;C.ab-30;;MONT-DORE;NIVELLEMENT;
MONT-DORE;GNIREP.53;OBS;67.879;;C.ab-31;;MONT-DORE;NIVELLEMENT;
MONT-DORE;GNIREP.54;OBS;77.614;;C.ab-32;;MONT-DORE;NIVELLEMENT;
MONT-DORE;GNIREP.55;OBS;90.022;;C.ab-34;;MONT-DORE;NIVELLEMENT;
MONT-DORE;GNIREP.56;OBS;259.37;;C.ab-35;;MONT-DORE;NIVELLEMENT;RCNC
MONT-DORE;GNIREP.57;OBS;385.72;;C.ab-36;;MONT-DORE;NIVELLEMENT;RCNC
MONT-DORE;GNIREP.58;OBS;380.85;;C.ab-37;;MONT-DORE;NIVELLEMENT;RCNC
MONT-DORE;GNIREP.59;OBS;322.53;;C.ab-38;;MONT-DORE;NIVELLEMENT;RCNC
MONT-DORE;GNIREP.85;GRA;;;C.ab-39;;MONT-DORE;NIVELLEMENT;
MONT-DORE;GNIREP.60;ADAP;62.72;;C.ab-4;;MONT-DORE;NIVELLEMENT;RCNC
MONT-DORE;GNIREP.61;OBS;246.56;;C.ab-40;;MONT-DORE;NIVELLEMENT;RCNC
MONT-DORE;GNIREP.62;OBS;261.52;;C.ab-41;;MONT-DORE;NIVELLEMENT;RCNC
MONT-DORE;GNIREP.63;OBS;237.25;;C.ab-42;;MONT-DORE;NIVELLEMENT;RCNC
MONT-DORE;GNIREP.86;GRA;;;C.ab-44;;MONT-DORE;NIVELLEMENT;
MONT-DORE;GNIREP.87;GRA;;;C.ab-45;;MONT-DORE;NIVELLEMENT;
MONT-DORE;GNIREP.88;OBS;68.55;;C.ab-46;;MONT-DORE;NIVELLEMENT;RCNC
MONT-DORE;GNIREP.64;OBS;127.89;;C.ab-47;;MONT-DORE;NIVELLEMENT;RCNC
MONT-DORE;GNIREP.65;OBS;265.30;;C.ab-49;;MONT-DORE;NIVELLEMENT;RCNC
MONT-DORE;GNIREP.66;OBS;63.24;;C.ab-5 a;;MONT-DORE;NIVELLEMENT;RCNC
MONT-DORE;GNIREP.89;GRA;;;C.ab-50;;MONT-DORE;NIVELLEMENT;
MONT-DORE;GNIREP.90;GRA;;;C.ab-51;;MONT-DORE;NIVELLEMENT;
MONT-DORE;GNIREP.91;ADAP;;;C.ab-52;;MONT-DORE;NIVELLEMENT;
MONT-DORE;GNIREP.92;ADAP;;;C.ab-53;;MONT-DORE;NIVELLEMENT;
MONT-DORE;GNIREP.84;GRA;;;C.ab-6 bis;;MONT-DORE;NIVELLEMENT;
MONT-DORE;GNIREP.67;OBS;67.32;;C.ab-7 a;;MONT-DORE;NIVELLEMENT;RCNC
MONT-DORE;GNIREP.68;ADAP;;;C.ab-8;;MONT-DORE;NIVELLEMENT;
MONT-DORE;GNIREP.69;ADAP;;;C.ab-8 a;;MONT-DORE;NIVELLEMENT;
MONT-DORE;GNIREP.70;ADAP;;;C.ab-9;;MONT-DORE;NIVELLEMENT;
MONT-DORE;GNIREP.71;ADAP;;;C.ab-9 a;;MONT-DORE;NIVELLEMENT;
MONT-DORE;GNIREP.72;ADAP;;;Ca.k3l3-1;;MONT-DORE;NIVELLEMENT;
MONT-DORE;GNIREP.73;ADAP;;;Ca.k3l3-2;;MONT-DORE;NIVELLEMENT;
MONT-DORE;GNIREP.82;ADAP;;;Ca.k3l3-3;;MONT-DORE;NIVELLEMENT;
MONT-DORE;GNIREP.74;OBS;139.02;;Ca.k3l3-3 bis;;MONT-DORE;NIVELLEMENT;RCNC
MONT-DORE;GNIREP.83;ADAP;;;Ca.k3l3-4 bis;;MONT-DORE;NIVELLEMENT;
MONT-DORE;GNIREP.75;ADAP;;;Ca.k3l3-5 bis;;MONT-DORE;NIVELLEMENT;
NOUMEA;GNIREP.3;ADAP;;;A'B'-1;;NOUMEA;NIVELLEMENT;
NOUMEA;GNIREP.127;OBS;87.947;;A'B'-3 a;;NOUMEA;NIVELLEMENT;RCNC
NOUMEA;GNIREP.2;ADAP;;;ABC-;;NOUMEA;NIVELLEMENT;
NOUMEA;GNIREP.4;OBS;70.048;;BC-1;;NOUMEA;NIVELLEMENT;RCNC
NOUMEA;GNIREP.13;ADAP;;;BC-10;;NOUMEA;NIVELLEMENT;
NOUMEA;GNIREP.14;ADAP;;;BC-10 a;;NOUMEA;NIVELLEMENT;
NOUMEA;GNIREP.116;ADAP;;;BC-10 b;;NOUMEA;NIVELLEMENT;
NOUMEA;GNIREP.15;ADAP;;;BC-11;;NOUMEA;NIVELLEMENT;
NOUMEA;GNIREP.117;ADAP;;;BC-12 a;;NOUMEA;NIVELLEMENT;
NOUMEA;GNIREP.16;ADAP;;;BC-13;;NOUMEA;NIVELLEMENT;
NOUMEA;GNIREP.17;ADAP;;;BC-14;;NOUMEA;NIVELLEMENT;
NOUMEA;GNIREP.18;ADAP;;;BC-15;;NOUMEA;NIVELLEMENT;
NOUMEA;GNIREP.19;ADAP;;;BC-16;;NOUMEA;NIVELLEMENT;
NOUMEA;GNIREP.20;ADAP;;;BC-17;;NOUMEA;NIVELLEMENT;
NOUMEA;GNIREP.21;ADAP;;;BC-18;;NOUMEA;NIVELLEMENT;
NOUMEA;GNIREP.22;ADAP;;;BC-19;;NOUMEA;NIVELLEMENT;
NOUMEA;GNIREP.109;OBS;73.855;;BC-2 bis;;NOUMEA;NIVELLEMENT;RCNC
NOUMEA;GNIREP.23;OBS;64.570;;BC-20;;NOUMEA;NIVELLEMENT;RCNC
NOUMEA;GNIREP.107;OBS;66.676;;BC-20 a;;NOUMEA;NIVELLEMENT;RCNC
NOUMEA;GNIREP.25;OBS;67.564;;BC-21 I;;NOUMEA;NIVELLEMENT;RCNC
NOUMEA;GNIREP.24;OBS;63.423;;BC-21 bis;;NOUMEA;NIVELLEMENT;RCNC
NOUMEA;GNIREP.26;OBS;65.901;;BC-22;;NOUMEA;NIVELLEMENT;RCNC
NOUMEA;GNIREP.27;ADAP;;;BC-23;;NOUMEA;NIVELLEMENT;
NOUMEA;GNIREP.138;OBS;;;BC-23I;;NOUMEA;NIVELLEMENT;
NOUMEA;GNIREP.108;OBS;69.535;;BC-24 bis;;NOUMEA;NIVELLEMENT;RCNC
NOUMEA;GNIREP.28;ADAP;;;BC-25;;NOUMEA;NIVELLEMENT;
NOUMEA;GNIREP.125;ADAP;;;BC-25 bis;;NOUMEA;NIVELLEMENT;
NOUMEA;GNIREP.29;OBS;62.99;;BC-26;;NOUMEA;NIVELLEMENT;RCNC
NOUMEA;GNIREP.31;ADAP;;;BC-27;;NOUMEA;NIVELLEMENT;
NOUMEA;GNIREP.30;ADAP;;;BC-27 a;;NOUMEA;NIVELLEMENT;
NOUMEA;GNIREP.32;OBS;62.456;;BC-28;;NOUMEA;NIVELLEMENT;RCNC
NOUMEA;GNIREP.33;OBS;62.193;;BC-29;;NOUMEA;NIVELLEMENT;RCNC
NOUMEA;GNIREP.5;OBS;62.109;;BC-3 bis;;NOUMEA;NIVELLEMENT;RCNC
NOUMEA;GNIREP.110;OBS;62.222;;BC-30;;NOUMEA;NIVELLEMENT;RCNC
NOUMEA;GNIREP.111;OBS;63.966;;BC-31;;NOUMEA;NIVELLEMENT;RCNC
NOUMEA;GNIREP.112;OBS;62.582;;BC-32;;NOUMEA;NIVELLEMENT;RCNC
NOUMEA;GNIREP.118;ADAP;;;BC-33;;NOUMEA;NIVELLEMENT;
NOUMEA;GNIREP.60;OBS;72.95;;BC-34;;NOUMEA;NIVELLEMENT;RCNC
NOUMEA;GNIREP.103;OBS;73.29;;BC-35;;NOUMEA;NIVELLEMENT;RCNC
NOUMEA;GNIREP.38;OBS;62.586;;BC-36;;NOUMEA;NIVELLEMENT;RCNC
NOUMEA;GNIREP.37;ADAP;;;BC-37;;NOUMEA;NIVELLEMENT;
NOUMEA;GNIREP.123;ADAP;;;BC-37 bis;;NOUMEA;NIVELLEMENT;
NOUMEA;GNIREP.39;OBS;62.29;;BC-38;;NOUMEA;NIVELLEMENT;RCNC
NOUMEA;GNIREP.40;OBS;62.46;;BC-39;;NOUMEA;NIVELLEMENT;RCNC
NOUMEA;GNIREP.6;OBS;63.186;;BC-4;;NOUMEA;NIVELLEMENT;RCNC
NOUMEA;GNIREP.41;OBS;64.84;;BC-40;;NOUMEA;NIVELLEMENT;RCNC
NOUMEA;GNIREP.7;OBS;63.426;;BC-5;;NOUMEA;NIVELLEMENT;RCNC
NOUMEA;GNIREP.8;ADAP;;;BC-6;;NOUMEA;NIVELLEMENT;
NOUMEA;GNIREP.10;OBS;63.191;;BC-7 I;;NOUMEA;NIVELLEMENT;RCNC
NOUMEA;GNIREP.9;OBS;62.183;;BC-7 bis;;NOUMEA;NIVELLEMENT;RCNC
NOUMEA;GNIREP.11;ADAP;;;BC-8;;NOUMEA;NIVELLEMENT;
NOUMEA;GNIREP.12;OBS;63.57;;BC-9;;NOUMEA;NIVELLEMENT;RCNC
NOUMEA;GNIREP.64;ADAP;;;Ba.m3-1;;NOUMEA;NIVELLEMENT;
NOUMEA;GNIREP.120;ADAP;;;Ba.m3-10 a;;NOUMEA;NIVELLEMENT;
NOUMEA;GNIREP.113;OBS;63.68;;Ba.m3-10 bis;;NOUMEA;NIVELLEMENT;RCNC
NOUMEA;GNIREP.74;ADAP;;;Ba.m3-11;;NOUMEA;NIVELLEMENT;
NOUMEA;GNIREP.114;OBS;65.13;;Ba.m3-11 bis;;NOUMEA;NIVELLEMENT;RCNC
NOUMEA;GNIREP.75;ADAP;;;Ba.m3-12;;NOUMEA;NIVELLEMENT;
NOUMEA;GNIREP.76;OBS;63.23;;Ba.m3-13;;NOUMEA;NIVELLEMENT;RCNC
NOUMEA;GNIREP.65;OBS;68.20;;Ba.m3-2;;NOUMEA;NIVELLEMENT;RCNC
NOUMEA;GNIREP.66;OBS;63.84;;Ba.m3-2 a bis;;NOUMEA;NIVELLEMENT;RCNC
NOUMEA;GNIREP.124;ADAP;;;Ba.m3-2 a ter;;NOUMEA;NIVELLEMENT;
NOUMEA;GNIREP.67;OBS;;;Ba.m3-2 b;;NOUMEA;NIVELLEMENT;
NOUMEA;GNIREP.68;ADAP;;;Ba.m3-3;;NOUMEA;NIVELLEMENT;
NOUMEA;GNIREP.69;ADAP;;;Ba.m3-4;;NOUMEA;NIVELLEMENT;
NOUMEA;GNIREP.102;ADAP;;;Ba.m3-5;;NOUMEA;NIVELLEMENT;
NOUMEA;GNIREP.70;ADAP;;;Ba.m3-6;;NOUMEA;NIVELLEMENT;
NOUMEA;GNIREP.71;ADAP;;;Ba.m3-7;;NOUMEA;NIVELLEMENT;
NOUMEA;GNIREP.72;ADAP;;;Ba.m3-8;;NOUMEA;NIVELLEMENT;
NOUMEA;GNIREP.115;OBS;74.95;;Ba.m3-8 a;;NOUMEA;NIVELLEMENT;RCNC
NOUMEA;GNIREP.73;ADAP;;;Ba.m3-9 I;;NOUMEA;NIVELLEMENT;
NOUMEA;GNIREP.119;ADAP;;;Ba.m3-9 a;;NOUMEA;NIVELLEMENT;
NOUMEA;GNIREP.42;ADAP;;;Ba.m3n3-1;;NOUMEA;NIVELLEMENT;
NOUMEA;GNIREP.43;OBS;63.750;;Ba.m3n3-1 bis;;NOUMEA;NIVELLEMENT;RCNC
NOUMEA;GNIREP.49;OBS;118.546;;Ba.m3n3-10 bis;;NOUMEA;NIVELLEMENT;RCNC
NOUMEA;GNIREP.50;ADAP;;;Ba.m3n3-11;;NOUMEA;NIVELLEMENT;
NOUMEA;GNIREP.51;OBS;62.338;;Ba.m3n3-12;;NOUMEA;NIVELLEMENT;RCNC
NOUMEA;GNIREP.52;OBS;77.509;;Ba.m3n3-13;;NOUMEA;NIVELLEMENT;RCNC
NOUMEA;GNIREP.53;ADAP;;;Ba.m3n3-14;;NOUMEA;NIVELLEMENT;
NOUMEA;GNIREP.54;GRA;;;Ba.m3n3-15;;NOUMEA;NIVELLEMENT;
NOUMEA;GNIREP.121;ADAP;;;Ba.m3n3-15 bis;;NOUMEA;NIVELLEMENT;
NOUMEA;GNIREP.44;ADAP;;;Ba.m3n3-2;;NOUMEA;NIVELLEMENT;
NOUMEA;GNIREP.45;ADAP;;;Ba.m3n3-3;;NOUMEA;NIVELLEMENT;
NOUMEA;GNIREP.129;ADAP;;;Ba.m3n3-3 bis;;NOUMEA;NIVELLEMENT;
NOUMEA;GNIREP.104;ADAP;;;Ba.m3n3-4;;NOUMEA;NIVELLEMENT;
NOUMEA;GNIREP.130;ADAP;;;Ba.m3n3-4 bis;;NOUMEA;NIVELLEMENT;
NOUMEA;GNIREP.105;ADAP;;;Ba.m3n3-6;;NOUMEA;NIVELLEMENT;
NOUMEA;GNIREP.46;ADAP;;;Ba.m3n3-7;;NOUMEA;NIVELLEMENT;
NOUMEA;GNIREP.47;OBS;70.325;;Ba.m3n3-8;;NOUMEA;NIVELLEMENT;RCNC
NOUMEA;GNIREP.48;OBS;65.600;;Ba.m3n3-9;;NOUMEA;NIVELLEMENT;RCNC
NOUMEA;GNIREP.77;OBS;64.23;;Ba.n3-1;;NOUMEA;NIVELLEMENT;RCNC
NOUMEA;GNIREP.126;ADAP;;;Ba.n3-1 bis;;NOUMEA;NIVELLEMENT;
NOUMEA;GNIREP.78;OBS;66.772;;Ba.n3-2;;NOUMEA;NIVELLEMENT;RCNC
NOUMEA;GNIREP.79;OBS;67.85;;Ba.n3-2 bis;;NOUMEA;NIVELLEMENT;RCNC
NOUMEA;GNIREP.80;ADAP;;;Ba.n3-3;;NOUMEA;NIVELLEMENT;
NOUMEA;GNIREP.106;ADAP;;;Ba.n3-8;;NOUMEA;NIVELLEMENT;
NOUMEA;GNIREP.81;ADAP;;;Ba.n3-9;;NOUMEA;NIVELLEMENT;
NOUMEA;GNIREP.61;ADAP;;;C.cd-1 bis;;NOUMEA;NIVELLEMENT;
NOUMEA;GNIREP.36;ADAP;;;C.cd-10;;NOUMEA;NIVELLEMENT;
NOUMEA;GNIREP.101;ADAP;;;C.cd-12;;NOUMEA;NIVELLEMENT;
NOUMEA;GNIREP.57;ADAP;;;C.cd-15;;NOUMEA;NIVELLEMENT;
NOUMEA;GNIREP.58;OBS;71.53;;C.cd-16;;NOUMEA;NIVELLEMENT;RCNC
NOUMEA;GNIREP.59;ADAP;;;C.cd-17;;NOUMEA;NIVELLEMENT;
NOUMEA;GNIREP.63;ADAP;;;C.cd-18;;NOUMEA;NIVELLEMENT;
NOUMEA;GNIREP.62;ADAP;;;C.cd-19;;NOUMEA;NIVELLEMENT;
NOUMEA;GNIREP.128;OBS;108.541;;C.cd-20;;NOUMEA;NIVELLEMENT;RCNC
NOUMEA;GNIREP.100;OBS;81.02;;C.cd-21;;NOUMEA;NIVELLEMENT;RCNC
NOUMEA;GNIREP.99;ADAP;;;C.cd-22;;NOUMEA;NIVELLEMENT;
NOUMEA;GNIREP.98;ADAP;;;C.cd-23;;NOUMEA;NIVELLEMENT;
NOUMEA;GNIREP.122;ADAP;;;C.cd-24;;NOUMEA;NIVELLEMENT;
NOUMEA;GNIREP.55;ADAP;;;C.cd-25;;NOUMEA;NIVELLEMENT;
NOUMEA;GNIREP.56;ADAP;;;C.cd-26;;NOUMEA;NIVELLEMENT;
NOUMEA;GNIREP.85;ADAP;;;C.cd-27;;NOUMEA;NIVELLEMENT;
NOUMEA;GNIREP.86;OBS;86.98;;C.cd-28;;NOUMEA;NIVELLEMENT;RCNC
NOUMEA;GNIREP.87;ADAP;;;C.cd-29;;NOUMEA;NIVELLEMENT;
NOUMEA;GNIREP.82;ADAP;;;C.cd-3;;NOUMEA;NIVELLEMENT;
NOUMEA;GNIREP.83;ADAP;;;C.cd-3 bis;;NOUMEA;NIVELLEMENT;
NOUMEA;GNIREP.88;ADAP;;;C.cd-30;;NOUMEA;NIVELLEMENT;
NOUMEA;GNIREP.89;ADAP;;;C.cd-31;;NOUMEA;NIVELLEMENT;
NOUMEA;GNIREP.90;ADAP;;;C.cd-32;;NOUMEA;NIVELLEMENT;
NOUMEA;GNIREP.91;ADAP;;;C.cd-33;;NOUMEA;NIVELLEMENT;
NOUMEA;GNIREP.92;ADAP;;;C.cd-34;;NOUMEA;NIVELLEMENT;
NOUMEA;GNIREP.84;ADAP;;;C.cd-4;;NOUMEA;NIVELLEMENT;
NOUMEA;GNIREP.34;ADAP;;;C.cd-8;;NOUMEA;NIVELLEMENT;
NOUMEA;GNIREP.35;ADAP;;;C.cd-9;;NOUMEA;NIVELLEMENT;
NOUMEA;GNIREP.131;OBS;;;Cc.l3m3-1;;NOUMEA;NIVELLEMENT;
NOUMEA;GNIREP.132;OBS;;;Cc.l3m3-2;;NOUMEA;NIVELLEMENT;
NOUMEA;GNIREP.133;OBS;;;Cc.l3m3-3;;NOUMEA;NIVELLEMENT;
NOUMEA;GNIREP.134;OBS;;;Cc.l3m3-4;;NOUMEA;NIVELLEMENT;
NOUMEA;GNIREP.135;OBS;;;Cc.l3m3-5;;NOUMEA;NIVELLEMENT;
NOUMEA;GNIREP.136;OBS;;;Cc.l3m3-6;;NOUMEA;NIVELLEMENT;
NOUMEA;GNIREP.137;OBS;;;Cc.l3m3-7;;NOUMEA;NIVELLEMENT;
NOUMEA;GNIREP.93;ADAP;;;Cd.l3-1;;NOUMEA;NIVELLEMENT;
NOUMEA;GNIREP.94;ADAP;;;Cd.l3-2;;NOUMEA;NIVELLEMENT;
NOUMEA;GNIREP.95;ADAP;;;Cd.l3-2 bis;;NOUMEA;NIVELLEMENT;
NOUMEA;GNIREP.96;ADAP;;;Cd.l3-3;;NOUMEA;NIVELLEMENT;
NOUMEA;GNIREP.97;ADAP;;;Cd.l3-4;;NOUMEA;NIVELLEMENT;
PAITA;GNIREP.32;OBS;72.16;;A'B'-29;;PAITA;NIVELLEMENT;RCNC
PAITA;GNIREP.33;OBS;68.04;;A'B'-30;;PAITA;NIVELLEMENT;RCNC
PAITA;GNIREP.66;GRA;;;A'B'-30 a;;PAITA;NIVELLEMENT;
PAITA;GNIREP.34;GRA;;;A'B'-31;;PAITA;NIVELLEMENT;
PAITA;GNIREP.35;GRA;;;A'B'-32;;PAITA;NIVELLEMENT;
PAITA;GNIREP.36;OBS;64.40;;A'B'-32 bis;;PAITA;NIVELLEMENT;RCNC
PAITA;GNIREP.37;;68.32;;A'B'-33;;PAITA;NIVELLEMENT;
PAITA;GNIREP.53;GRA;;;A'B'-33 bis;;PAITA;NIVELLEMENT;
PAITA;GNIREP.38;OBS;75.59;;A'B'-34;;PAITA;NIVELLEMENT;RCNC
PAITA;GNIREP.54;GRA;;;A'B'-34 I;;PAITA;NIVELLEMENT;
PAITA;GNIREP.39;;63.13;;A'B'-35;;PAITA;NIVELLEMENT;
PAITA;GNIREP.55;GRA;;;A'B'-35 bis;;PAITA;NIVELLEMENT;
PAITA;GNIREP.40;OBS;66.08;;A'B'-36;;PAITA;NIVELLEMENT;RCNC
PAITA;GNIREP.41;OBS;69.29;;A'B'-37;;PAITA;NIVELLEMENT;RCNC
PAITA;GNIREP.1;OBS;168.99;;AB-34;;PAITA;NIVELLEMENT;RCNC
PAITA;GNIREP.2;GRA;;;AB-35;;PAITA;NIVELLEMENT;
PAITA;GNIREP.3;GRA;;;AB-36;;PAITA;NIVELLEMENT;
PAITA;GNIREP.4;GRA;;;AB-37;;PAITA;NIVELLEMENT;
PAITA;GNIREP.5;GRA;;;AB-38;;PAITA;NIVELLEMENT;
PAITA;GNIREP.6;OBS;86.61;;AB-39;;PAITA;NIVELLEMENT;RCNC
PAITA;GNIREP.7;OBS;84.55;;AB-40;;PAITA;NIVELLEMENT;RCNC
PAITA;GNIREP.8;OBS;80.41;;AB-40 a;;PAITA;NIVELLEMENT;RCNC
PAITA;GNIREP.9;GRA;;;AB-41;;PAITA;NIVELLEMENT;
PAITA;GNIREP.10;GRA;;;AB-42;;PAITA;NIVELLEMENT;
PAITA;GNIREP.67;GRA;;;AB-42 bis;;PAITA;NIVELLEMENT;
PAITA;GNIREP.11;ADAP;;;AB-43;;PAITA;NIVELLEMENT;
PAITA;GNIREP.12;GRA;;;AB-44;;PAITA;NIVELLEMENT;
PAITA;GNIREP.13;GRA;;;AB-45;;PAITA;NIVELLEMENT;
PAITA;GNIREP.14;GRA;;;AB-46;;PAITA;NIVELLEMENT;
PAITA;GNIREP.15;;68.192;;AB-47;;PAITA;NIVELLEMENT;
PAITA;GNIREP.44;GRA;;;AB-47 bis;;PAITA;NIVELLEMENT;
PAITA;GNIREP.45;GRA;;;AB-48 bis;;PAITA;NIVELLEMENT;
PAITA;GNIREP.16;GRA;;;AB-49;;PAITA;NIVELLEMENT;
PAITA;GNIREP.46;OBS;140.51;;AB-49 a;;PAITA;NIVELLEMENT;RCNC
PAITA;GNIREP.17;;170.803;;AB-50;;PAITA;NIVELLEMENT;
PAITA;GNIREP.61;GRA;;;AB-50 bis;;PAITA;NIVELLEMENT;
PAITA;GNIREP.18;;226.737;;AB-51;;PAITA;NIVELLEMENT;
PAITA;GNIREP.62;GRA;;;AB-51 bis;;PAITA;NIVELLEMENT;
PAITA;GNIREP.47;GRA;;;AB-52 bis;;PAITA;NIVELLEMENT;
PAITA;GNIREP.19;;120.011;;AB-53;;PAITA;NIVELLEMENT;
PAITA;GNIREP.48;GRA;;;AB-53 bis;;PAITA;NIVELLEMENT;
PAITA;GNIREP.20;OBS;113.91;;AB-54;;PAITA;NIVELLEMENT;RCNC
PAITA;GNIREP.49;GRA;;;AB-55 bis;;PAITA;NIVELLEMENT;
PAITA;GNIREP.21;OBS;103.79;;AB-56;;PAITA;NIVELLEMENT;RCNC
PAITA;GNIREP.22;GRA;;;AB-57;;PAITA;NIVELLEMENT;
PAITA;GNIREP.23;;91.394;;AB-58;;PAITA;NIVELLEMENT;
PAITA;GNIREP.68;GRA;;;AB-58 bis;;PAITA;NIVELLEMENT;
PAITA;GNIREP.24;OBS;80.12;;AB-59;;PAITA;NIVELLEMENT;RCNC
PAITA;GNIREP.69;GRA;;;AB-59 bis;;PAITA;NIVELLEMENT;
PAITA;GNIREP.25;;83.906;;AB-60;;PAITA;NIVELLEMENT;
PAITA;GNIREP.70;;;;AB-60 bis;;PAITA;NIVELLEMENT;
PAITA;GNIREP.26;;;;AB-61;;PAITA;NIVELLEMENT;
PAITA;GNIREP.71;GRA;;;AB-61 bis;;PAITA;NIVELLEMENT;
PAITA;GNIREP.27;;;;AB-62;;PAITA;NIVELLEMENT;
PAITA;GNIREP.72;GRA;;;AB-62 bis;;PAITA;NIVELLEMENT;
PAITA;GNIREP.28;ADAP;;;AB-63 bis;;PAITA;NIVELLEMENT;
PAITA;GNIREP.29;ADAP;;;AB-64;;PAITA;NIVELLEMENT;
PAITA;GNIREP.30;;78.151;;AB-65;;PAITA;NIVELLEMENT;
PAITA;GNIREP.50;GRA;;;AB-65 bis;;PAITA;NIVELLEMENT;
PAITA;GNIREP.31;OBS;70.10;;AB-66;;PAITA;NIVELLEMENT;RCNC
PAITA;GNIREP.51;OBS;65.98;;AB-67;;PAITA;NIVELLEMENT;RCNC
PAITA;GNIREP.52;GRA;;;AB-68 bis;;PAITA;NIVELLEMENT;
PAITA;GNIREP.56;GRA;;;Aa.l3o3-11 II;;PAITA;NIVELLEMENT;
PAITA;GNIREP.57;GRA;;;Aa.l3o3-12 I;;PAITA;NIVELLEMENT;
PAITA;GNIREP.58;GRA;;;Aa.l3o3-12 II;;PAITA;NIVELLEMENT;
PAITA;GNIREP.59;GRA;;;Aa.l3o3-13 I;;PAITA;NIVELLEMENT;
PAITA;GNIREP.60;GRA;;;Aa.l3o3-15 II;;PAITA;NIVELLEMENT;
PAITA;GNIREP.64;GRA;;;B.c-1;;PAITA;NIVELLEMENT;
PAITA;GNIREP.42;ADAP;;;B.c-2;;PAITA;NIVELLEMENT;
PAITA;GNIREP.65;GRA;;;B.c-3 ter;;PAITA;NIVELLEMENT;
PAITA;GNIREP.43;ADAP;;;B.c-4 bis;;PAITA;NIVELLEMENT;
PAITA;GNIREP.63;GRA;;;B.c-5;;PAITA;NIVELLEMENT;
PAITA;GNIREP.73;GRA;;;Bb-1;;PAITA;NIVELLEMENT;
PAITA;GNIREP.74;ADAP;;;Bb-2;;PAITA;NIVELLEMENT;
PAITA;GNIREP.75;GRA;;;Bb-3;;PAITA;NIVELLEMENT;
PAITA;GNIREP.76;ADAP;;;Bb-4;;PAITA;NIVELLEMENT;
PAITA;GNIREP.77;GRA;;;Bb-5;;PAITA;NIVELLEMENT;
THIO;GNIREP.41;OBS;138.909;;A'D'-133;;THIO;NIVELLEMENT;
THIO;GNIREP.42;OBS;102.044;;A'D'-134;;THIO;NIVELLEMENT;RCNC
THIO;GNIREP.43;OBS;91.02;;A'D'-135;;THIO;NIVELLEMENT;RCNC
THIO;GNIREP.44;OBS;109.584;;A'D'-136;;THIO;NIVELLEMENT;RCNC
THIO;GNIREP.83;GRA;;;A.ab-10;;THIO;NIVELLEMENT;
THIO;GNIREP.20;OBS;283.19;;A.ab-11;;THIO;NIVELLEMENT;RCNC
THIO;GNIREP.21;GRA;;;A.ab-12;;THIO;NIVELLEMENT;
THIO;GNIREP.22;GRA;;;A.ab-13;;THIO;NIVELLEMENT;
THIO;GNIREP.105;GRA;;;A.ab-13 I;;THIO;NIVELLEMENT;
THIO;GNIREP.23;OBS;185.00;;A.ab-15 bis;;THIO;NIVELLEMENT;RCNC
THIO;GNIREP.104;GRA;;;A.ab-15 bis I;;THIO;NIVELLEMENT;
THIO;GNIREP.103;GRA;;;A.ab-17 I;;THIO;NIVELLEMENT;
THIO;GNIREP.25;GRA;;;A.ab-18;;THIO;NIVELLEMENT;
THIO;GNIREP.84;GRA;;;A.ab-19 bis;;THIO;NIVELLEMENT;
THIO;GNIREP.26;OBS;164.10;;A.ab-20;;THIO;NIVELLEMENT;RCNC
THIO;GNIREP.85;ADAP;208.59;;A.ab-21 a;;THIO;NIVELLEMENT;RCNC
THIO;GNIREP.39;GRA;;;A.ab-21 bis;;THIO;NIVELLEMENT;
THIO;GNIREP.86;OBS;185.91;;A.ab-23 a;;THIO;NIVELLEMENT;RCNC
THIO;GNIREP.87;ADAP;;;A.ab-24 a;;THIO;NIVELLEMENT;
THIO;GNIREP.102;GRA;;;A.ab-25a bis;;THIO;NIVELLEMENT;
THIO;GNIREP.27;OBS;103.79;;A.ab-26;;THIO;NIVELLEMENT;RCNC
THIO;GNIREP.88;ADAP;;;A.ab-27 I;;THIO;NIVELLEMENT;
THIO;GNIREP.40;OBS;102.41;;A.ab-27 bis;;THIO;NIVELLEMENT;RCNC
THIO;GNIREP.28;ADAP;;;A.ab-28;;THIO;NIVELLEMENT;
THIO;GNIREP.29;OBS;85.23;;A.ab-29;;THIO;NIVELLEMENT;RCNC
THIO;GNIREP.101;GRA;;;A.ab-30 ter;;THIO;NIVELLEMENT;
THIO;GNIREP.30;OBS;76.78;;A.ab-31;;THIO;NIVELLEMENT;RCNC
THIO;GNIREP.31;OBS;76.83;;A.ab-32;;THIO;NIVELLEMENT;RCNC
THIO;GNIREP.100;GRA;;;A.ab-33 bis;;THIO;NIVELLEMENT;
THIO;GNIREP.90;OBS;72.65;;A.ab-34 bis;;THIO;NIVELLEMENT;RCNC
THIO;GNIREP.32;OBS;71.585;;A.ab-35;;THIO;NIVELLEMENT;RCNC
THIO;GNIREP.33;ADAP;;;A.ab-36;;THIO;NIVELLEMENT;
THIO;GNIREP.34;ADAP;;;A.ab-37;;THIO;NIVELLEMENT;
THIO;GNIREP.106;GRA;;;A.ab-9 bis;;THIO;NIVELLEMENT;
THIO;GNIREP.45;ADAP;;;AD-100;;THIO;NIVELLEMENT;
THIO;GNIREP.46;ADAP;;;AD-101;;THIO;NIVELLEMENT;
THIO;GNIREP.93;OBS;63.772;;AD-101 a;;THIO;NIVELLEMENT;
THIO;GNIREP.47;ADAP;;;AD-102;;THIO;NIVELLEMENT;
THIO;GNIREP.49;ADAP;;;AD-103;;THIO;NIVELLEMENT;
THIO;GNIREP.48;OBS;75.24;;AD-103 I;;THIO;NIVELLEMENT;RCNC
THIO;GNIREP.50;OBS;70.78;;AD-104;;THIO;NIVELLEMENT;RCNC
THIO;GNIREP.51;OBS;70.916;;AD-105;;THIO;NIVELLEMENT;RCNC
THIO;GNIREP.52;OBS;73.856;;AD-106;;THIO;NIVELLEMENT;RCNC
THIO;GNIREP.53;OBS;171.476;;AD-107;;THIO;NIVELLEMENT;RCNC
THIO;GNIREP.54;OBS;156.115;;AD-108;;THIO;NIVELLEMENT;RCNC
THIO;GNIREP.55;OBS;105.726;;AD-109;;THIO;NIVELLEMENT;RCNC
THIO;GNIREP.56;OBS;64.308;;AD-110;;THIO;NIVELLEMENT;RCNC
THIO;GNIREP.94;OBS;64.133;;AD-110 bis;;THIO;NIVELLEMENT;
THIO;GNIREP.95;OBS;63.585;;AD-111;;THIO;NIVELLEMENT;
THIO;GNIREP.57;ADAP;;;AD-112;;THIO;NIVELLEMENT;
THIO;GNIREP.58;OBS;64.085;;AD-114;;THIO;NIVELLEMENT;RCNC
THIO;GNIREP.59;OBS;67.517;;AD-116;;THIO;NIVELLEMENT;RCNC
THIO;GNIREP.60;OBS;69.328;;AD-117;;THIO;NIVELLEMENT;RCNC
THIO;GNIREP.61;OBS;90.419;;AD-119;;THIO;NIVELLEMENT;RCNC
THIO;GNIREP.62;OBS;88.696;;AD-120;;THIO;NIVELLEMENT;RCNC
THIO;GNIREP.63;OBS;64.737;;AD-121;;THIO;NIVELLEMENT;RCNC
THIO;GNIREP.96;GRA;;;AD-122;;THIO;NIVELLEMENT;
THIO;GNIREP.64;OBS;65.074;;AD-123;;THIO;NIVELLEMENT;RCNC
THIO;GNIREP.65;OBS;105.199;;AD-124;;THIO;NIVELLEMENT;RCNC
THIO;GNIREP.66;OBS;99.062;;AD-125;;THIO;NIVELLEMENT;RCNC
THIO;GNIREP.67;ADAP;;;AD-126;;THIO;NIVELLEMENT;
THIO;GNIREP.68;OBS;65.861;;AD-127 bis;;THIO;NIVELLEMENT;RCNC
THIO;GNIREP.69;OBS;67.88;;AD-128 bis;;THIO;NIVELLEMENT;RCNC
THIO;GNIREP.70;OBS;66.277;;AD-129 bis;;THIO;NIVELLEMENT;RCNC
THIO;GNIREP.71;ADAP;;;AD-130 bis;;THIO;NIVELLEMENT;
THIO;GNIREP.72;OBS;96.376;;AD-132 bis;;THIO;NIVELLEMENT;RCNC
THIO;GNIREP.2;OBS;93.311;;AD-133;;THIO;NIVELLEMENT;RCNC
THIO;GNIREP.3;OBS;69.837;;AD-134;;THIO;NIVELLEMENT;RCNC
THIO;GNIREP.4;OBS;67.735;;AD-135;;THIO;NIVELLEMENT;RCNC
THIO;GNIREP.5;OBS;152.735;;AD-137;;THIO;NIVELLEMENT;RCNC
THIO;GNIREP.74;OBS;78.116;;AD-138 a;;THIO;NIVELLEMENT;RCNC
THIO;GNIREP.73;OBS;140.341;;AD-138 bis;;THIO;NIVELLEMENT;RCNC
THIO;GNIREP.6;OBS;99.261;;AD-139;;THIO;NIVELLEMENT;RCNC
THIO;GNIREP.75;OBS;70.697;;AD-140 bis;;THIO;NIVELLEMENT;RCNC
THIO;GNIREP.76;OBS;72.333;;AD-141 bis;;THIO;NIVELLEMENT;RCNC
THIO;GNIREP.77;OBS;65.266;;AD-142 ter;;THIO;NIVELLEMENT;RCNC
THIO;GNIREP.79;OBS;65.113;;AD-143 a;;THIO;NIVELLEMENT;RCNC
THIO;GNIREP.78;ADAP;;;AD-143 bis;;THIO;NIVELLEMENT;
THIO;GNIREP.80;ADAP;;;AD-144 bis;;THIO;NIVELLEMENT;
THIO;GNIREP.97;OBS;68.473;;AD-145;;THIO;NIVELLEMENT;
THIO;GNIREP.81;ADAP;;;AD-145 I;;THIO;NIVELLEMENT;
THIO;GNIREP.7;ADAP;;;AD-146 bis;;THIO;NIVELLEMENT;
THIO;GNIREP.91;ADAP;;;AD-148 bis;;THIO;NIVELLEMENT;
THIO;GNIREP.98;OBS;64.22;;AD-149;;THIO;NIVELLEMENT;
THIO;GNIREP.8;OBS;64.72;;AD-149 bis;;THIO;NIVELLEMENT;RCNC
THIO;GNIREP.9;ADAP;;;AD-150;;THIO;NIVELLEMENT;
THIO;GNIREP.82;ADAP;;;AD-150 bis;;THIO;NIVELLEMENT;
THIO;GNIREP.10;ADAP;;;AD-151;;THIO;NIVELLEMENT;
THIO;GNIREP.35;OBS;64.738;;AD-152;;THIO;NIVELLEMENT;RCNC
THIO;GNIREP.11;ADAP;;;AD-153;;THIO;NIVELLEMENT;
THIO;GNIREP.12;OBS;66.488;;AD-154;;THIO;NIVELLEMENT;RCNC
THIO;GNIREP.36;OBS;69.403;;AD-154 a;;THIO;NIVELLEMENT;RCNC
THIO;GNIREP.13;OBS;70.876;;AD-155;;THIO;NIVELLEMENT;RCNC
THIO;GNIREP.37;OBS;73.25;;AD-155 a;;THIO;NIVELLEMENT;RCNC
THIO;GNIREP.14;ADAP;;;AD-156;;THIO;NIVELLEMENT;
THIO;GNIREP.15;OBS;112.766;;AD-157;;THIO;NIVELLEMENT;RCNC
THIO;GNIREP.16;OBS;138.13;;AD-158;;THIO;NIVELLEMENT;RCNC
THIO;GNIREP.17;ADAP;;;AD-160;;THIO;NIVELLEMENT;
THIO;GNIREP.18;ADAP;;;AD-161;;THIO;NIVELLEMENT;
THIO;GNIREP.99;OBS;360.476;;AD-162;;THIO;NIVELLEMENT;
THIO;GNIREP.38;ADAP;;;AD-163 bis;;THIO;NIVELLEMENT;
THIO;GNIREP.19;OBS;455.047;;AD-164;;THIO;NIVELLEMENT;RCNC
THIO;GNIREP.92;ADAP;;;AD-165 bis;;THIO;NIVELLEMENT;
YATE;GNIREP.41;OBS;239.78;;A'C'-55;;YATE;NIVELLEMENT;RCNC
YATE;GNIREP.42;OBS;224.20;;A'C'-59;;YATE;NIVELLEMENT;RCNC
YATE;GNIREP.43;OBS;243.84;;A'C'-60;;YATE;NIVELLEMENT;RCNC
YATE;GNIREP.44;OBS;259.672;;A'C'-61;;YATE;NIVELLEMENT;RCNC
YATE;GNIREP.45;OBS;228.26;;A'C'-62;;YATE;NIVELLEMENT;RCNC
YATE;GNIREP.46;OBS;233.30;;A'C'-63;;YATE;NIVELLEMENT;RCNC
YATE;GNIREP.47;OBS;229.43;;A'C'-64;;YATE;NIVELLEMENT;RCNC
YATE;GNIREP.48;OBS;233.98;;A'C'-65;;YATE;NIVELLEMENT;RCNC
YATE;GNIREP.49;OBS;226.90;;A'C'-66;;YATE;NIVELLEMENT;RCNC
YATE;GNIREP.50;OBS;230.53;;A'C'-67;;YATE;NIVELLEMENT;RCNC
YATE;GNIREP.82;GRA;;;A'C'-68;;YATE;NIVELLEMENT;
YATE;GNIREP.83;GRA;;;A'C'-69;;YATE;NIVELLEMENT;
YATE;GNIREP.87;GRA;;;A'C'-74;;YATE;NIVELLEMENT;
YATE;GNIREP.88;GRA;;;A'C'-75;;YATE;NIVELLEMENT;
YATE;GNIREP.89;GRA;;;A'C'-76;;YATE;NIVELLEMENT;
YATE;GNIREP.90;GRA;;;A'C'-76 I;;YATE;NIVELLEMENT;
YATE;GNIREP.51;ADAP;;;A'C'-77;;YATE;NIVELLEMENT;
YATE;GNIREP.91;GRA;;;A'C'-78;;YATE;NIVELLEMENT;
YATE;GNIREP.94;GRA;;;A'C'-80;;YATE;NIVELLEMENT;
YATE;GNIREP.95;GRA;;;A'C'-81;;YATE;NIVELLEMENT;
YATE;GNIREP.96;GRA;;;A'C'-82;;YATE;NIVELLEMENT;
YATE;GNIREP.98;GRA;;;A'C'-83;;YATE;NIVELLEMENT;
YATE;GNIREP.99;GRA;;;A'C'-84;;YATE;NIVELLEMENT;
YATE;GNIREP.100;GRA;;;A'C'-85;;YATE;NIVELLEMENT;
YATE;GNIREP.101;GRA;;;A'C'-86;;YATE;NIVELLEMENT;
YATE;GNIREP.102;GRA;;;A'C'-87;;YATE;NIVELLEMENT;
YATE;GNIREP.103;GRA;;;A'C'-87 I;;YATE;NIVELLEMENT;
YATE;GNIREP.104;GRA;;;A'C'-88;;YATE;NIVELLEMENT;
YATE;GNIREP.52;OBS;64.9474;;A'C'-89;;YATE;NIVELLEMENT;RCNC
YATE;GNIREP.71;OBS;229.54;;AC-43 bis;;YATE;NIVELLEMENT;RCNC
YATE;GNIREP.72;OBS;229.93;;AC-44;;YATE;NIVELLEMENT;RCNC
YATE;GNIREP.16;OBS;228.66;;AC-45;;YATE;NIVELLEMENT;RCNC
YATE;GNIREP.73;OBS;224.70;;AC-46 bis;;YATE;NIVELLEMENT;RCNC
YATE;GNIREP.74;OBS;248.80;;AC-47;;YATE;NIVELLEMENT;RCNC
YATE;GNIREP.75;OBS;232.20;;AC-48;;YATE;NIVELLEMENT;RCNC
YATE;GNIREP.76;OBS;231.57;;AC-49;;YATE;NIVELLEMENT;RCNC
YATE;GNIREP.77;OBS;229.69;;AC-50 a;;YATE;NIVELLEMENT;RCNC
YATE;GNIREP.78;OBS;273.59;;AC-50 bis;;YATE;NIVELLEMENT;RCNC
YATE;GNIREP.17;OBS;225.41;;AC-52;;YATE;NIVELLEMENT;RCNC
YATE;GNIREP.18;OBS;224.64;;AC-52 a;;YATE;NIVELLEMENT;RCNC
YATE;GNIREP.19;OBS;223.22;;AC-53 a;;YATE;NIVELLEMENT;RCNC
YATE;GNIREP.20;OBS;223.23;;AC-53 bis;;YATE;NIVELLEMENT;RCNC
YATE;GNIREP.21;OBS;228.98;;AC-54;;YATE;NIVELLEMENT;RCNC
YATE;GNIREP.22;OBS;230.45;;AC-54 a;;YATE;NIVELLEMENT;RCNC
YATE;GNIREP.23;OBS;223.52;;AC-56 bis;;YATE;NIVELLEMENT;RCNC
YATE;GNIREP.24;OBS;229.88;;AC-57;;YATE;NIVELLEMENT;RCNC
YATE;GNIREP.25;OBS;229.90;;AC-57 a;;YATE;NIVELLEMENT;RCNC
YATE;GNIREP.26;OBS;249.04;;AC-58 bis;;YATE;NIVELLEMENT;RCNC
YATE;GNIREP.27;OBS;228.32;;AC-59;;YATE;NIVELLEMENT;RCNC
YATE;GNIREP.28;OBS;229.79;;AC-59 a;;YATE;NIVELLEMENT;RCNC
YATE;GNIREP.29;OBS;233.40;;AC-60;;YATE;NIVELLEMENT;RCNC
YATE;GNIREP.30;OBS;234.10;;AC-60 a;;YATE;NIVELLEMENT;RCNC
YATE;GNIREP.32;OBS;285.93;;AC-69;;YATE;NIVELLEMENT;RCNC
YATE;GNIREP.33;OBS;262.34;;AC-70;;YATE;NIVELLEMENT;RCNC
YATE;GNIREP.84;GRA;;;AC-71;;YATE;NIVELLEMENT;
YATE;GNIREP.85;GRA;;;AC-72 bis;;YATE;NIVELLEMENT;
YATE;GNIREP.86;GRA;;;AC-73;;YATE;NIVELLEMENT;
YATE;GNIREP.35;OBS;301.33;;AC-74;;YATE;NIVELLEMENT;RCNC
YATE;GNIREP.36;OBS;396.89;;AC-75;;YATE;NIVELLEMENT;RCNC
YATE;GNIREP.37;OBS;455.40;;AC-76;;YATE;NIVELLEMENT;RCNC
YATE;GNIREP.38;OBS;417.847;;AC-77;;YATE;NIVELLEMENT;RCNC
YATE;GNIREP.92;GRA;;;AC-78;;YATE;NIVELLEMENT;
YATE;GNIREP.93;GRA;;;AC-79;;YATE;NIVELLEMENT;
YATE;GNIREP.39;OBS;139.13;;AC-80;;YATE;NIVELLEMENT;RCNC
YATE;GNIREP.40;OBS;66.12;;AC-81;;YATE;NIVELLEMENT;RCNC
YATE;GNIREP.97;OBS;64.2206;;AC-82;;YATE;NIVELLEMENT;RCNC
YATE;GNIREP.105;GRA;;;ACD-bis;;YATE;NIVELLEMENT;
YATE;GNIREP.116;GRA;;;AD-1 a;;YATE;NIVELLEMENT;
YATE;GNIREP.117;OBS;63.5379;;AD-1 bis;;YATE;NIVELLEMENT;RCNC
YATE;GNIREP.106;GRA;;;AD-10 a;;YATE;NIVELLEMENT;
YATE;GNIREP.107;GRA;;;AD-11 a;;YATE;NIVELLEMENT;
YATE;GNIREP.108;GRA;;;AD-12 a;;YATE;NIVELLEMENT;
YATE;GNIREP.109;GRA;;;AD-13 a;;YATE;NIVELLEMENT;
YATE;GNIREP.110;OBS;71.2677;;AD-14 bis;;YATE;NIVELLEMENT;RCNC
YATE;GNIREP.111;GRA;;;AD-15;;YATE;NIVELLEMENT;
YATE;GNIREP.112;ADAP;;;AD-16;;YATE;NIVELLEMENT;
YATE;GNIREP.113;GRA;;;AD-17;;YATE;NIVELLEMENT;
YATE;GNIREP.114;GRA;;;AD-18;;YATE;NIVELLEMENT;
YATE;GNIREP.115;GRA;;;AD-19;;YATE;NIVELLEMENT;
YATE;GNIREP.122;GRA;;;AD-2 bis;;YATE;NIVELLEMENT;
YATE;GNIREP.118;GRA;;;AD-20;;YATE;NIVELLEMENT;
YATE;GNIREP.119;GRA;;;AD-21;;YATE;NIVELLEMENT;
YATE;GNIREP.120;GRA;;;AD-22;;YATE;NIVELLEMENT;
YATE;GNIREP.121;GRA;;;AD-23;;YATE;NIVELLEMENT;
YATE;GNIREP.123;GRA;;;AD-3 bis;;YATE;NIVELLEMENT;
YATE;GNIREP.124;GRA;;;AD-4;;YATE;NIVELLEMENT;
YATE;GNIREP.125;GRA;;;AD-5 bis;;YATE;NIVELLEMENT;
YATE;GNIREP.126;GRA;;;AD-6;;YATE;NIVELLEMENT;
YATE;GNIREP.53;OBS;77.900;;AD-7;;YATE;NIVELLEMENT;RCNC
YATE;GNIREP.127;GRA;;;AD-8;;YATE;NIVELLEMENT;
YATE;GNIREP.54;OBS;75.947;;AD-9 bis;;YATE;NIVELLEMENT;RCNC
YATE;GNIREP.2;OBS;224.80;;Aa.k3n3-10;;YATE;NIVELLEMENT;RCNC
YATE;GNIREP.3;OBS;226.75;;Aa.k3n3-11;;YATE;NIVELLEMENT;RCNC
YATE;GNIREP.4;OBS;239.33;;Aa.k3n3-12;;YATE;NIVELLEMENT;RCNC
YATE;GNIREP.5;OBS;226.73;;Aa.k3n3-13;;YATE;NIVELLEMENT;RCNC
YATE;GNIREP.6;OBS;226.81;;Aa.k3n3-14;;YATE;NIVELLEMENT;RCNC
YATE;GNIREP.7;ADAP;;;Aa.k3n3-15;;YATE;NIVELLEMENT;
YATE;GNIREP.81;ADAP;;;Aa.k3n3-16;;YATE;NIVELLEMENT;
YATE;GNIREP.8;ADAP;;;Aa.k3n3-17;;YATE;NIVELLEMENT;
YATE;GNIREP.9;ADAP;;;Aa.k3n3-18;;YATE;NIVELLEMENT;
YATE;GNIREP.10;OBS;229.97;;Aa.k3n3-19;;YATE;NIVELLEMENT;RCNC
YATE;GNIREP.68;ADAP;;;Aa.k3n3-2;;YATE;NIVELLEMENT;
YATE;GNIREP.69;OBS;243.74;;Aa.k3n3-3;;YATE;NIVELLEMENT;RCNC
YATE;GNIREP.11;OBS;263.04;;Aa.k3n3-4;;YATE;NIVELLEMENT;RCNC
YATE;GNIREP.12;OBS;234.77;;Aa.k3n3-5;;YATE;NIVELLEMENT;RCNC
YATE;GNIREP.13;OBS;225.56;;Aa.k3n3-6;;YATE;NIVELLEMENT;RCNC
YATE;GNIREP.14;OBS;226.19;;Aa.k3n3-7;;YATE;NIVELLEMENT;RCNC
YATE;GNIREP.70;OBS;233.98;;Aa.k3n3-8;;YATE;NIVELLEMENT;RCNC
YATE;GNIREP.15;OBS;227.07;;Aa.k3n3-9;;YATE;NIVELLEMENT;RCNC
YATE;GNIREP.128;GRA;;;C.ab-55;;YATE;NIVELLEMENT;
YATE;GNIREP.55;OBS;325.90;;C.ab-57;;YATE;NIVELLEMENT;RCNC
YATE;GNIREP.56;OBS;338.84;;C.ab-59;;YATE;NIVELLEMENT;RCNC
YATE;GNIREP.57;OBS;353.51;;C.ab-60;;YATE;NIVELLEMENT;RCNC
YATE;GNIREP.58;OBS;353.17;;C.ab-61;;YATE;NIVELLEMENT;RCNC
YATE;GNIREP.129;GRA;;;C.ab-62;;YATE;NIVELLEMENT;
YATE;GNIREP.59;OBS;339.85;;C.ab-62 I;;YATE;NIVELLEMENT;RCNC
YATE;GNIREP.130;GRA;;;C.ab-62 a;;YATE;NIVELLEMENT;
YATE;GNIREP.131;GRA;;;C.ab-62 b;;YATE;NIVELLEMENT;
YATE;GNIREP.132;GRA;;;C.ab-62 c;;YATE;NIVELLEMENT;
YATE;GNIREP.133;GRA;;;C.ab-64 bis;;YATE;NIVELLEMENT;
YATE;GNIREP.134;GRA;;;C.ab-65 a;;YATE;NIVELLEMENT;
YATE;GNIREP.135;GRA;;;C.ab-66 a;;YATE;NIVELLEMENT;
YATE;GNIREP.136;ADAP;;;C.ab-67 bis;;YATE;NIVELLEMENT;
YATE;GNIREP.137;GRA;;;C.ab-68 a;;YATE;NIVELLEMENT;
YATE;GNIREP.138;GRA;;;C.ab-68 b;;YATE;NIVELLEMENT;
YATE;GNIREP.139;GRA;;;C.ab-68 bis;;YATE;NIVELLEMENT;
YATE;GNIREP.60;OBS;62.13;;C.ab-69;;YATE;NIVELLEMENT;RCNC
YATE;GNIREP.140;ADAP;;;C.ab-70 bis;;YATE;NIVELLEMENT;
YATE;GNIREP.141;GRA;;;C.ab-71 a;;YATE;NIVELLEMENT;
YATE;GNIREP.142;GRA;;;C.ab-71 bis;;YATE;NIVELLEMENT;
YATE;GNIREP.143;GRA;;;C.ab-72 a;;YATE;NIVELLEMENT;
YATE;GNIREP.144;GRA;;;C.ab-73 bis;;YATE;NIVELLEMENT;
YATE;GNIREP.145;GRA;;;C.ab-74 bis;;YATE;NIVELLEMENT;
YATE;GNIREP.146;OBS;86.3987;;C.ab-75 a;;YATE;NIVELLEMENT;RCNC
YATE;GNIREP.147;GRA;;;C.ab-76 bis;;YATE;NIVELLEMENT;
YATE;GNIREP.148;GRA;;;C.ab-77 a;;YATE;NIVELLEMENT;
YATE;GNIREP.149;GRA;;;C.ab-78 a;;YATE;NIVELLEMENT;
YATE;GNIREP.150;GRA;;;C.ab-79 a;;YATE;NIVELLEMENT;
YATE;GNIREP.151;GRA;;;C.ab-80 bis;;YATE;NIVELLEMENT;
YATE;GNIREP.152;GRA;;;C.ab-81;;YATE;NIVELLEMENT;
YATE;GNIREP.153;GRA;;;C.ab-81 a;;YATE;NIVELLEMENT;
YATE;GNIREP.154;GRA;;;C.ab-82 bis;;YATE;NIVELLEMENT;
YATE;GNIREP.155;GRA;;;C.ab-83 a;;YATE;NIVELLEMENT;
YATE;GNIREP.156;GRA;;;C.ab-83 bis;;YATE;NIVELLEMENT;
YATE;GNIREP.62;ADAP;;;C.ab-84 a;;YATE;NIVELLEMENT;
YATE;GNIREP.157;GRA;;;C.ab-85;;YATE;NIVELLEMENT;
YATE;GNIREP.158;GRA;;;C.ab-86;;YATE;NIVELLEMENT;
YATE;GNIREP.159;GRA;;;C.ab-87;;YATE;NIVELLEMENT;
YATE;GNIREP.160;GRA;;;C.ab-91 bis;;YATE;NIVELLEMENT;
YATE;GNIREP.63;OBS;248.813;;Ca.l3m3-1;;YATE;NIVELLEMENT;RCNC
YATE;GNIREP.65;OBS;300.39;;Ca.l3m3-3;;YATE;NIVELLEMENT;RCNC
YATE;GNIREP.66;OBS;301.76;;Ca.l3m3-4;;YATE;NIVELLEMENT;RCNC
YATE;GNIREP.67;OBS;322.85;;Ca.l3m3-5;;YATE;NIVELLEMENT;RCNC
YATE;GNIREP.161;OBS;321.610;;Ca.l3m3-6;;YATE;NIVELLEMENT;RCNC
YATE;GNIREP.79;OBS;322.65;;Ca.l3m3-7;;YATE;NIVELLEMENT;RCNC
YATE;GNIREP.80;ADAP;;;Ca.l3m3-7 I;;YATE;NIVELLEMENT;
YATE;GNIREP.162;GRA;;;Ca.l3m3-8;;YATE;NIVELLEMENT;
YATE;GNIREP.163;GRA;;;Ca.l3m3-9;;YATE;NIVELLEMENT;
