IDENTSTF,CODE_PREC,H_ELLIP,MAT,NUMERO,INDICE,RESEAU,RATTACH
BLP_INFRA_GNIREP.36,OBS,78.72,,A.ab-1 bis,,BLP_INFRA_NIVELLEMENT,RCNC
BLP_INFRA_GNIREP.37,OBS,82.22,,A.ab-2 bis,,BLP_INFRA_NIVELLEMENT,RCNC
BLP_INFRA_GNIREP.38,OBS,91.36,,A.ab-3 a,,BLP_INFRA_NIVELLEMENT,RCNC
BLP_INFRA_GNIREP.39,OBS,84.11,,A.ab-3 bis,,BLP_INFRA_NIVELLEMENT,RCNC
BLP_INFRA_GNIREP.40,OBS,97.48,,A.ab-4 bis,,BLP_INFRA_NIVELLEMENT,RCNC
BLP_INFRA_GNIREP.41,OBS,126.35,,A.ab-5,,BLP_INFRA_NIVELLEMENT,RCNC
BLP_INFRA_GNIREP.42,GRA,,,A.ab-6,,BLP_INFRA_NIVELLEMENT,
BLP_INFRA_GNIREP.43,OBS,259.21,,A.ab-7,,BLP_INFRA_NIVELLEMENT,RCNC
BLP_INFRA_GNIREP.44,OBS,355.39,,A.ab-8,,BLP_INFRA_NIVELLEMENT,RCNC
BLP_INFRA_GNIREP.31,OBS,113.98,,AB-100,,BLP_INFRA_NIVELLEMENT,RCNC
BLP_INFRA_GNIREP.32,OBS,122.48,,AB-100 a,,BLP_INFRA_NIVELLEMENT,RCNC
BLP_INFRA_GNIREP.33,OBS,138.47,,AB-101,,BLP_INFRA_NIVELLEMENT,RCNC
BLP_INFRA_GNIREP.34,OBS,159.22,,AB-102,,BLP_INFRA_NIVELLEMENT,RCNC
BLP_INFRA_GNIREP.35,OBS,115.50,,AB-103,,BLP_INFRA_NIVELLEMENT,RCNC
BLP_INFRA_GNIREP.73,OBS,65.468,,AB-69 b,,BLP_INFRA_NIVELLEMENT,RCNC
BLP_INFRA_GNIREP.2,OBS,65.59,,AB-70,,BLP_INFRA_NIVELLEMENT,RCNC
BLP_INFRA_GNIREP.3,OBS,67.99,,AB-71,,BLP_INFRA_NIVELLEMENT,RCNC
BLP_INFRA_GNIREP.4,OBS,65.32,,AB-72,,BLP_INFRA_NIVELLEMENT,RCNC
BLP_INFRA_GNIREP.65,OBS,65.94,,AB-73 bis,,BLP_INFRA_NIVELLEMENT,RCNC
BLP_INFRA_GNIREP.5,GRA,,,AB-74,,BLP_INFRA_NIVELLEMENT,
BLP_INFRA_GNIREP.6,GRA,,,AB-75,,BLP_INFRA_NIVELLEMENT,
BLP_INFRA_GNIREP.7,OBS,76.6,,AB-76,,BLP_INFRA_NIVELLEMENT,RCNC
BLP_INFRA_GNIREP.74,OBS,76.958,,AB-76 a,,BLP_INFRA_NIVELLEMENT,
BLP_INFRA_GNIREP.75,OBS,82.160,,AB-77 a,,BLP_INFRA_NIVELLEMENT,
BLP_INFRA_GNIREP.8,OBS,92.174,,AB-78,,BLP_INFRA_NIVELLEMENT,
BLP_INFRA_GNIREP.9,OBS,69.176,,AB-79 b,,BLP_INFRA_NIVELLEMENT,
BLP_INFRA_GNIREP.66,GRA,,,AB-79 bis,,BLP_INFRA_NIVELLEMENT,
BLP_INFRA_GNIREP.10,ADAP,,,AB-80,,BLP_INFRA_NIVELLEMENT,
BLP_INFRA_GNIREP.11,OBS,68.963,,AB-80 b,,BLP_INFRA_NIVELLEMENT,
BLP_INFRA_GNIREP.67,GRA,,,AB-81 bis,,BLP_INFRA_NIVELLEMENT,
BLP_INFRA_GNIREP.68,GRA,,,AB-82 a,,BLP_INFRA_NIVELLEMENT,
BLP_INFRA_GNIREP.69,ADAP,,,AB-83 bis,,BLP_INFRA_NIVELLEMENT,
BLP_INFRA_GNIREP.70,GRA,,,AB-84 bis,,BLP_INFRA_NIVELLEMENT,
BLP_INFRA_GNIREP.12,OBS,71.68,,AB-85,,BLP_INFRA_NIVELLEMENT,RCNC
BLP_INFRA_GNIREP.13,OBS,66.6,,AB-86,,BLP_INFRA_NIVELLEMENT,RCNC
BLP_INFRA_GNIREP.14,ADAP,,,AB-87,,BLP_INFRA_NIVELLEMENT,
BLP_INFRA_GNIREP.78,GRA,,,AB-88 b,,BLP_INFRA_NIVELLEMENT,
BLP_INFRA_GNIREP.16,GRA,,,AB-89,,BLP_INFRA_NIVELLEMENT,
BLP_INFRA_GNIREP.17,OBS,70.52,,AB-90 a,,BLP_INFRA_NIVELLEMENT,RCNC
BLP_INFRA_GNIREP.18,OBS,69.50,,AB-90 b,,BLP_INFRA_NIVELLEMENT,RCNC
BLP_INFRA_GNIREP.64,GRA,,,AB-90 bis,,BLP_INFRA_NIVELLEMENT,
BLP_INFRA_GNIREP.76,OBS,71.972,,AB-90 bis I,,BLP_INFRA_NIVELLEMENT,RCNC
BLP_INFRA_GNIREP.19,OBS,72.578,,AB-91,,BLP_INFRA_NIVELLEMENT,RCNC
BLP_INFRA_GNIREP.20,OBS,73.124,,AB-92,,BLP_INFRA_NIVELLEMENT,RCNC
BLP_INFRA_GNIREP.21,OBS,82.631,,AB-93,,BLP_INFRA_NIVELLEMENT,RCNC
BLP_INFRA_GNIREP.22,OBS,97.29,,AB-94,,BLP_INFRA_NIVELLEMENT,RCNC
BLP_INFRA_GNIREP.71,GRA,,,AB-95 bis,,BLP_INFRA_NIVELLEMENT,
BLP_INFRA_GNIREP.23,OBS,96.42,,AB-96,,BLP_INFRA_NIVELLEMENT,RCNC
BLP_INFRA_GNIREP.77,OBS,83.855,,AB-96 a,,BLP_INFRA_NIVELLEMENT,
BLP_INFRA_GNIREP.24,OBS,88.23,,AB-96 b,,BLP_INFRA_NIVELLEMENT,RCNC
BLP_INFRA_GNIREP.25,OBS,88.13,,AB-96 c,,BLP_INFRA_NIVELLEMENT,RCNC
BLP_INFRA_GNIREP.26,OBS,90.75,,AB-97 bis a,,BLP_INFRA_NIVELLEMENT,RCNC
BLP_INFRA_GNIREP.27,OBS,90.23,,AB-97 bis b,,BLP_INFRA_NIVELLEMENT,RCNC
BLP_INFRA_GNIREP.28,OBS,93.2,,AB-98,,BLP_INFRA_NIVELLEMENT,RCNC
BLP_INFRA_GNIREP.29,OBS,95.48,,AB-98 a,,BLP_INFRA_NIVELLEMENT,RCNC
BLP_INFRA_GNIREP.30,OBS,107.68,,AB-99,,BLP_INFRA_NIVELLEMENT,RCNC
BLP_INFRA_GNIREP.72,GRA,,,Aa.l3m3-1,,BLP_INFRA_NIVELLEMENT,
BLP_INFRA_GNIREP.46,OBS,74.7,,Aa.l3m3-3,,BLP_INFRA_NIVELLEMENT,RCNC
BLP_INFRA_GNIREP.47,OBS,83.38,,Aa.l3m3-5,,BLP_INFRA_NIVELLEMENT,RCNC
BLP_INFRA_GNIREP.48,OBS,84.21,,Aa.l3m3-6,,BLP_INFRA_NIVELLEMENT,RCNC
BLP_INFRA_GNIREP.49,OBS,91.92,,Aa.l3m3-7,,BLP_INFRA_NIVELLEMENT,RCNC
BLP_INFRA_GNIREP.50,OBS,110.99,,Aa.l3m3-8,,BLP_INFRA_NIVELLEMENT,RCNC
BLP_INFRA_GNIREP.52,OBS,64.43,,B.d-1,,BLP_INFRA_NIVELLEMENT,RCNC
BLP_INFRA_GNIREP.58,ADAP,,,B.d-10,,BLP_INFRA_NIVELLEMENT,
BLP_INFRA_GNIREP.59,OBS,77.21,,B.d-12,,BLP_INFRA_NIVELLEMENT,RCNC
BLP_INFRA_GNIREP.60,ADAP,,,B.d-13,,BLP_INFRA_NIVELLEMENT,
BLP_INFRA_GNIREP.61,OBS,82.97,,B.d-14,,BLP_INFRA_NIVELLEMENT,RCNC
BLP_INFRA_GNIREP.62,OBS,87.64,,B.d-15,,BLP_INFRA_NIVELLEMENT,RCNC
BLP_INFRA_GNIREP.63,ADAP,,,B.d-16,,BLP_INFRA_NIVELLEMENT,
BLP_INFRA_GNIREP.53,OBS,83.52,,B.d-3,,BLP_INFRA_NIVELLEMENT,RCNC
BLP_INFRA_GNIREP.54,OBS,76.52,,B.d-5,,BLP_INFRA_NIVELLEMENT,RCNC
BLP_INFRA_GNIREP.55,OBS,85.66,,B.d-7,,BLP_INFRA_NIVELLEMENT,RCNC
BLP_INFRA_GNIREP.57,OBS,67.30,,B.d-8,,BLP_INFRA_NIVELLEMENT,RCNC
BRL_INFRA_GNIREP.53,ADAP,,,A'B'-148,,BRL_INFRA_NIVELLEMENT,
BRL_INFRA_GNIREP.54,GRA,,,A'B'-149,,BRL_INFRA_NIVELLEMENT,
BRL_INFRA_GNIREP.56,GRA,,,A'B'-151,,BRL_INFRA_NIVELLEMENT,
BRL_INFRA_GNIREP.59,ADAP,,,A'B'-155,,BRL_INFRA_NIVELLEMENT,
BRL_INFRA_GNIREP.61,OBS,77.243,,A'B'-155 a,,BRL_INFRA_NIVELLEMENT,RCNC
BRL_INFRA_GNIREP.143,ADAP,,,A'B'-156,,BRL_INFRA_NIVELLEMENT,
BRL_INFRA_GNIREP.66,GRA,,,A'B'-160,,BRL_INFRA_NIVELLEMENT,
BRL_INFRA_GNIREP.144,GRA,,,A'B'-161,,BRL_INFRA_NIVELLEMENT,
BRL_INFRA_GNIREP.166,GRA,,,A'B'-177,,BRL_INFRA_NIVELLEMENT,
BRL_INFRA_GNIREP.91,GRA,,,A'B'-180,,BRL_INFRA_NIVELLEMENT,
BRL_INFRA_GNIREP.167,GRA,,,A'B'-180a,,BRL_INFRA_NIVELLEMENT,
BRL_INFRA_GNIREP.92,GRA,,,A'B'-181,,BRL_INFRA_NIVELLEMENT,
BRL_INFRA_GNIREP.168,OBS,152.27,,A'B'-182,,BRL_INFRA_NIVELLEMENT,RCNC
BRL_INFRA_GNIREP.145,GRA,,,A'B'-183,,POYA,NIVELLEMENT,
BRL_INFRA_GNIREP.146,GRA,,,A'B'-184,,POYA,NIVELLEMENT,
BRL_INFRA_GNIREP.147,GRA,,,A'B'-191a,,POYA,NIVELLEMENT,
BRL_INFRA_GNIREP.148,OBS,,,A'B'-194,,POYA,NIVELLEMENT,
BRL_INFRA_GNIREP.35,ADAP,,,A.cd-10 bis,,BRL_INFRA_NIVELLEMENT,
BRL_INFRA_GNIREP.36,OBS,220.733,,A.cd-11 a,,BRL_INFRA_NIVELLEMENT,RCNC
BRL_INFRA_GNIREP.22,OBS,237.239,,A.cd-12,,BRL_INFRA_NIVELLEMENT,RCNC
BRL_INFRA_GNIREP.37,OBS,253.953,,A.cd-13 bis,,BRL_INFRA_NIVELLEMENT,RCNC
BRL_INFRA_GNIREP.38,OBS,306.116,,A.cd-14 bis,,BRL_INFRA_NIVELLEMENT,RCNC
BRL_INFRA_GNIREP.39,ADAP,,,A.cd-15 a,,BRL_INFRA_NIVELLEMENT,
BRL_INFRA_GNIREP.40,OBS,410.369,,A.cd-17 a,,BRL_INFRA_NIVELLEMENT,RCNC
BRL_INFRA_GNIREP.23,OBS,421.239,,A.cd-18,,BRL_INFRA_NIVELLEMENT,RCNC
BRL_INFRA_GNIREP.20,OBS,98.118,,A.cd-6,,BRL_INFRA_NIVELLEMENT,RCNC
BRL_INFRA_GNIREP.21,ADAP,,,A.cd-7,,BRL_INFRA_NIVELLEMENT,
BRL_INFRA_GNIREP.2,OBS,76.93,,AB-146 e,,BRL_INFRA_NIVELLEMENT,RCNC
BRL_INFRA_GNIREP.52,GRA,,,AB-147,,BRL_INFRA_NIVELLEMENT,
BRL_INFRA_GNIREP.3,OBS,108.409,,AB-148,,BRL_INFRA_NIVELLEMENT,RCNC
BRL_INFRA_GNIREP.4,OBS,85.18,,AB-148 a,,BRL_INFRA_NIVELLEMENT,RCNC
BRL_INFRA_GNIREP.5,OBS,87.52,,AB-149,,BRL_INFRA_NIVELLEMENT,RCNC
BRL_INFRA_GNIREP.6,OBS,106.31,,AB-149 a,,BRL_INFRA_NIVELLEMENT,RCNC
BRL_INFRA_GNIREP.55,OBS,129.49,,AB-150,,BRL_INFRA_NIVELLEMENT,RCNC
BRL_INFRA_GNIREP.57,OBS,73.31,,AB-151,,BRL_INFRA_NIVELLEMENT,RCNC
BRL_INFRA_GNIREP.7,OBS,71.47,,AB-152,,BRL_INFRA_NIVELLEMENT,RCNC
BRL_INFRA_GNIREP.8,OBS,73.09,,AB-153,,BRL_INFRA_NIVELLEMENT,RCNC
BRL_INFRA_GNIREP.9,OBS,78.02,,AB-154,,BRL_INFRA_NIVELLEMENT,RCNC
BRL_INFRA_GNIREP.10,OBS,79.52,,AB-154 a,,BRL_INFRA_NIVELLEMENT,RCNC
BRL_INFRA_GNIREP.58,GRA,,,AB-154 b,,BRL_INFRA_NIVELLEMENT,
BRL_INFRA_GNIREP.11,OBS,82.14,,AB-154 c,,BRL_INFRA_NIVELLEMENT,RCNC
BRL_INFRA_GNIREP.60,OBS,95.78,,AB-155,,BRL_INFRA_NIVELLEMENT,RCNC
BRL_INFRA_GNIREP.62,GRA,,,AB-156 a,,BRL_INFRA_NIVELLEMENT,
BRL_INFRA_GNIREP.175,OBS,72.09,,AB-158,,BRL_INFRA_NIVELLEMENT,RCNC
BRL_INFRA_GNIREP.63,OBS,71.22,,AB-158 a,,BRL_INFRA_NIVELLEMENT,RCNC
BRL_INFRA_GNIREP.64,OBS,74.73,,AB-159 a,,BRL_INFRA_NIVELLEMENT,RCNC
BRL_INFRA_GNIREP.65,OBS,73.78,,AB-159 bis,,BRL_INFRA_NIVELLEMENT,RCNC
BRL_INFRA_GNIREP.67,OBS,78.97,,AB-160,,BRL_INFRA_NIVELLEMENT,RCNC
BRL_INFRA_GNIREP.68,OBS,74.46,,AB-160 a,,BRL_INFRA_NIVELLEMENT,RCNC
BRL_INFRA_GNIREP.69,OBS,63.93,,AB-160 b,,BRL_INFRA_NIVELLEMENT,RCNC
BRL_INFRA_GNIREP.42,GRA,,,AB-160 c,,BRL_INFRA_NIVELLEMENT,
BRL_INFRA_GNIREP.43,GRA,,,AB-160 d,,BRL_INFRA_NIVELLEMENT,
BRL_INFRA_GNIREP.44,GRA,,,AB-160 e,,BRL_INFRA_NIVELLEMENT,
BRL_INFRA_GNIREP.45,GRA,,,AB-160 f,,BRL_INFRA_NIVELLEMENT,
BRL_INFRA_GNIREP.176,GRA,,,AB-160 g,,BRL_INFRA_NIVELLEMENT,
BRL_INFRA_GNIREP.46,GRA,,,AB-161,,BRL_INFRA_NIVELLEMENT,
BRL_INFRA_GNIREP.47,GRA,,,AB-161 a,,BRL_INFRA_NIVELLEMENT,
BRL_INFRA_GNIREP.48,GRA,,,AB-161 bis,,BRL_INFRA_NIVELLEMENT,
BRL_INFRA_GNIREP.70,ADAP,,,AB-161 bis a,,BRL_INFRA_NIVELLEMENT,
BRL_INFRA_GNIREP.49,OBS,68.32,,AB-161 bis b,,BRL_INFRA_NIVELLEMENT,RCNC
BRL_INFRA_GNIREP.50,GRA,,,AB-162,,BRL_INFRA_NIVELLEMENT,
BRL_INFRA_GNIREP.51,OBS,65.92,,AB-163,,BRL_INFRA_NIVELLEMENT,RCNC
BRL_INFRA_GNIREP.177,GRA,,,AB-163 I,,BRL_INFRA_NIVELLEMENT,
BRL_INFRA_GNIREP.71,GRA,,,AB-163 a,,BRL_INFRA_NIVELLEMENT,
BRL_INFRA_GNIREP.72,GRA,,,AB-164 ter,,BRL_INFRA_NIVELLEMENT,
BRL_INFRA_GNIREP.169,GRA,,,AB-165,,BRL_INFRA_NIVELLEMENT,
BRL_INFRA_GNIREP.73,OBS,70.13,,AB-165 ter,,BRL_INFRA_NIVELLEMENT,RCNC
BRL_INFRA_GNIREP.74,GRA,,,AB-166 ter,,BRL_INFRA_NIVELLEMENT,
BRL_INFRA_GNIREP.75,GRA,,,AB-166 ter a,,BRL_INFRA_NIVELLEMENT,
BRL_INFRA_GNIREP.76,OBS,81.40,,AB-167,,BRL_INFRA_NIVELLEMENT,RCNC
BRL_INFRA_GNIREP.77,OBS,83.08,,AB-167 a,,BRL_INFRA_NIVELLEMENT,RCNC
BRL_INFRA_GNIREP.78,OBS,85.09,,AB-168 bis,,BRL_INFRA_NIVELLEMENT,RCNC
BRL_INFRA_GNIREP.79,OBS,89.09,,AB-169,,BRL_INFRA_NIVELLEMENT,RCNC
BRL_INFRA_GNIREP.80,OBS,94.00,,AB-169 a,,BRL_INFRA_NIVELLEMENT,RCNC
BRL_INFRA_GNIREP.81,OBS,117.63,,AB-170,,BRL_INFRA_NIVELLEMENT,RCNC
BRL_INFRA_GNIREP.82,GRA,,,AB-170 a,,BRL_INFRA_NIVELLEMENT,
BRL_INFRA_GNIREP.83,GRA,,,AB-171,,BRL_INFRA_NIVELLEMENT,
BRL_INFRA_GNIREP.84,GRA,,,AB-172,,BRL_INFRA_NIVELLEMENT,
BRL_INFRA_GNIREP.85,OBS,175.61,,AB-172 a,,BRL_INFRA_NIVELLEMENT,RCNC
BRL_INFRA_GNIREP.86,OBS,142.46,,AB-173,,BRL_INFRA_NIVELLEMENT,RCNC
BRL_INFRA_GNIREP.170,GRA,,,AB-174 a,,BRL_INFRA_NIVELLEMENT,
BRL_INFRA_GNIREP.87,OBS,146.57,,AB-175,,BRL_INFRA_NIVELLEMENT,RCNC
BRL_INFRA_GNIREP.88,OBS,127.00,,AB-176,,BRL_INFRA_NIVELLEMENT,RCNC
BRL_INFRA_GNIREP.89,OBS,122.95,,AB-176 a,,BRL_INFRA_NIVELLEMENT,RCNC
BRL_INFRA_GNIREP.171,GRA,,,AB-177 I,,BRL_INFRA_NIVELLEMENT,
BRL_INFRA_GNIREP.90,GRA,,,AB-178,,BRL_INFRA_NIVELLEMENT,
BRL_INFRA_GNIREP.12,GRA,,,AB-178 a,,BRL_INFRA_NIVELLEMENT,
BRL_INFRA_GNIREP.13,ADAP,,,AB-179,,BRL_INFRA_NIVELLEMENT,
BRL_INFRA_GNIREP.14,OBS,138.10,,AB-179 bis,,BRL_INFRA_NIVELLEMENT,RCNC
BRL_INFRA_GNIREP.15,OBS,114.11,,AB-180,,BRL_INFRA_NIVELLEMENT,RCNC
BRL_INFRA_GNIREP.172,GRA,,,AB-180 b,,BRL_INFRA_NIVELLEMENT,
BRL_INFRA_GNIREP.16,GRA,,,AB-181,,BRL_INFRA_NIVELLEMENT,
BRL_INFRA_GNIREP.173,,,,AB-182 I,,BRL_INFRA_NIVELLEMENT,
BRL_INFRA_GNIREP.17,ADAP,,,AB-183,,POYA,NIVELLEMENT,
BRL_INFRA_GNIREP.149,GRA,,,AB-183I,,POYA,NIVELLEMENT,
BRL_INFRA_GNIREP.18,ADAP,,,AB-184,,POYA,NIVELLEMENT,
BRL_INFRA_GNIREP.150,GRA,,,AB-184I,,POYA,NIVELLEMENT,
BRL_INFRA_GNIREP.19,OBS,164.142,,AB-185,,POYA,NIVELLEMENT,RCNC
BRL_INFRA_GNIREP.93,OBS,147.484,,AB-186,,POYA,NIVELLEMENT,RCNC
BRL_INFRA_GNIREP.94,OBS,129.40,,AB-187,,POYA,NIVELLEMENT,RCNC
BRL_INFRA_GNIREP.95,OBS,126.879,,AB-188,,POYA,NIVELLEMENT,RCNC
BRL_INFRA_GNIREP.96,OBS,120.23,,AB-188 a,,POYA,NIVELLEMENT,RCNC
BRL_INFRA_GNIREP.97,GRA,,,AB-188 b,,POYA,NIVELLEMENT,
BRL_INFRA_GNIREP.98,OBS,113.966,,AB-189,,POYA,NIVELLEMENT,RCNC
BRL_INFRA_GNIREP.99,GRA,,,AB-189 a,,POYA,NIVELLEMENT,
BRL_INFRA_GNIREP.100,OBS,110.719,,AB-189 b,,POYA,NIVELLEMENT,RCNC
BRL_INFRA_GNIREP.101,OBS,109.208,,AB-190,,POYA,NIVELLEMENT,RCNC
BRL_INFRA_GNIREP.102,GRA,,,AB-190 a,,POYA,NIVELLEMENT,
BRL_INFRA_GNIREP.103,OBS,91.73,,AB-191,,POYA,NIVELLEMENT,RCNC
BRL_INFRA_GNIREP.151,GRA,,,AB-191 b,,POYA,NIVELLEMENT,
BRL_INFRA_GNIREP.104,GRA,,,AB-192,,POYA,NIVELLEMENT,
BRL_INFRA_GNIREP.105,OBS,90.15,,AB-192 a,,POYA,NIVELLEMENT,RCNC
BRL_INFRA_GNIREP.106,OBS,76.22,,AB-193,,POYA,NIVELLEMENT,RCNC
BRL_INFRA_GNIREP.152,GRA,,,AB-194 I,,POYA,NIVELLEMENT,
BRL_INFRA_GNIREP.107,OBS,124.419,,AB-195,,POYA,NIVELLEMENT,RCNC
BRL_INFRA_GNIREP.108,GRA,,,AB-195 a,,POYA,NIVELLEMENT,
BRL_INFRA_GNIREP.159,GRA,,,Ac.k3l3-1,,BRL_INFRA_NIVELLEMENT,
BRL_INFRA_GNIREP.25,OBS,266.64,,Ac.k3l3-10,,BRL_INFRA_NIVELLEMENT,RCNC
BRL_INFRA_GNIREP.26,GRA,,,Ac.k3l3-11,,BRL_INFRA_NIVELLEMENT,
BRL_INFRA_GNIREP.27,OBS,294.24,,Ac.k3l3-13,,BRL_INFRA_NIVELLEMENT,RCNC
BRL_INFRA_GNIREP.28,GRA,,,Ac.k3l3-14,,BRL_INFRA_NIVELLEMENT,
BRL_INFRA_GNIREP.29,OBS,306.35,,Ac.k3l3-15,,BRL_INFRA_NIVELLEMENT,RCNC
BRL_INFRA_GNIREP.30,OBS,290.57,,Ac.k3l3-16,,BRL_INFRA_NIVELLEMENT,RCNC
BRL_INFRA_GNIREP.31,OBS,312.20,,Ac.k3l3-17,,BRL_INFRA_NIVELLEMENT,RCNC
BRL_INFRA_GNIREP.32,OBS,368.21,,Ac.k3l3-18,,BRL_INFRA_NIVELLEMENT,RCNC
BRL_INFRA_GNIREP.33,OBS,332.16,,Ac.k3l3-19,,BRL_INFRA_NIVELLEMENT,RCNC
BRL_INFRA_GNIREP.160,OBS,71.03,,Ac.k3l3-2,,BRL_INFRA_NIVELLEMENT,RCNC
BRL_INFRA_GNIREP.34,OBS,288.93,,Ac.k3l3-20,,BRL_INFRA_NIVELLEMENT,RCNC
BRL_INFRA_GNIREP.165,OBS,185.32,,Ac.k3l3-21,,BRL_INFRA_NIVELLEMENT,RCNC
BRL_INFRA_GNIREP.161,OBS,77.39,,Ac.k3l3-4,,BRL_INFRA_NIVELLEMENT,RCNC
BRL_INFRA_GNIREP.162,OBS,81.44,,Ac.k3l3-5,,BRL_INFRA_NIVELLEMENT,RCNC
BRL_INFRA_GNIREP.163,OBS,82.10,,Ac.k3l3-6,,BRL_INFRA_NIVELLEMENT,RCNC
BRL_INFRA_GNIREP.164,OBS,88.25,,Ac.k3l3-7,,BRL_INFRA_NIVELLEMENT,RCNC
BRL_INFRA_GNIREP.24,OBS,96.12,,Ac.k3l3-8,,BRL_INFRA_NIVELLEMENT,RCNC
BRL_INFRA_GNIREP.109,ADAP,,,B.d-17,,BRL_INFRA_NIVELLEMENT,
BRL_INFRA_GNIREP.110,ADAP,,,B.d-18,,BRL_INFRA_NIVELLEMENT,
BRL_INFRA_GNIREP.111,ADAP,,,B.d-19,,BRL_INFRA_NIVELLEMENT,
BRL_INFRA_GNIREP.112,ADAP,,,B.d-20,,BRL_INFRA_NIVELLEMENT,
BRL_INFRA_GNIREP.113,ADAP,,,B.d-21,,BRL_INFRA_NIVELLEMENT,
BRL_INFRA_GNIREP.174,GRA,,,B.de-1 a,,BRL_INFRA_NIVELLEMENT,
BRL_INFRA_GNIREP.121,OBS,74.524,,B.de-10,,BRL_INFRA_NIVELLEMENT,RCNC
BRL_INFRA_GNIREP.122,ADAP,,,B.de-10 a,,BRL_INFRA_NIVELLEMENT,
BRL_INFRA_GNIREP.123,ADAP,,,B.de-11,,BRL_INFRA_NIVELLEMENT,
BRL_INFRA_GNIREP.124,OBS,75.98,,B.de-12,,BRL_INFRA_NIVELLEMENT,RCNC
BRL_INFRA_GNIREP.125,OBS,73.769,,B.de-13,,BRL_INFRA_NIVELLEMENT,RCNC
BRL_INFRA_GNIREP.126,OBS,71.381,,B.de-14,,BRL_INFRA_NIVELLEMENT,RCNC
BRL_INFRA_GNIREP.127,ADAP,,,B.de-15,,BRL_INFRA_NIVELLEMENT,
BRL_INFRA_GNIREP.128,GRA,,,B.de-18,,BRL_INFRA_NIVELLEMENT,
BRL_INFRA_GNIREP.129,ADAP,,,B.de-19,,BRL_INFRA_NIVELLEMENT,
BRL_INFRA_GNIREP.130,GRA,,,B.de-2,,BRL_INFRA_NIVELLEMENT,
BRL_INFRA_GNIREP.131,ADAP,,,B.de-20,,BRL_INFRA_NIVELLEMENT,
BRL_INFRA_GNIREP.132,OBS,61.918,,B.de-21,,BRL_INFRA_NIVELLEMENT,RCNC
BRL_INFRA_GNIREP.133,OBS,62.041,,B.de-22,,BRL_INFRA_NIVELLEMENT,RCNC
BRL_INFRA_GNIREP.134,OBS,61.882,,B.de-23,,BRL_INFRA_NIVELLEMENT,RCNC
BRL_INFRA_GNIREP.135,OBS,78.089,,B.de-24,,BRL_INFRA_NIVELLEMENT,RCNC
BRL_INFRA_GNIREP.136,OBS,67.409,,B.de-25,,BRL_INFRA_NIVELLEMENT,RCNC
BRL_INFRA_GNIREP.137,OBS,65.129,,B.de-26,,BRL_INFRA_NIVELLEMENT,RCNC
BRL_INFRA_GNIREP.138,OBS,66.869,,B.de-27,,BRL_INFRA_NIVELLEMENT,RCNC
BRL_INFRA_GNIREP.139,OBS,72.692,,B.de-28,,BRL_INFRA_NIVELLEMENT,RCNC
BRL_INFRA_GNIREP.140,OBS,73.165,,B.de-29,,BRL_INFRA_NIVELLEMENT,RCNC
BRL_INFRA_GNIREP.114,ADAP,,,B.de-3,,BRL_INFRA_NIVELLEMENT,
BRL_INFRA_GNIREP.141,OBS,67.619,,B.de-30,,BRL_INFRA_NIVELLEMENT,RCNC
BRL_INFRA_GNIREP.41,OBS,68.909,,B.de-31,,BRL_INFRA_NIVELLEMENT,RCNC
BRL_INFRA_GNIREP.115,OBS,62.841,,B.de-4 a,,BRL_INFRA_NIVELLEMENT,RCNC
BRL_INFRA_GNIREP.116,ADAP,,,B.de-5,,BRL_INFRA_NIVELLEMENT,
BRL_INFRA_GNIREP.117,OBS,62.792,,B.de-6,,BRL_INFRA_NIVELLEMENT,RCNC
BRL_INFRA_GNIREP.142,ADAP,,,B.de-6 I,,BRL_INFRA_NIVELLEMENT,
BRL_INFRA_GNIREP.118,ADAP,,,B.de-7,,BRL_INFRA_NIVELLEMENT,
BRL_INFRA_GNIREP.119,OBS,115.593,,B.de-8,,BRL_INFRA_NIVELLEMENT,RCNC
BRL_INFRA_GNIREP.120,OBS,84.801,,B.de-9,,BRL_INFRA_NIVELLEMENT,RCNC
BRL_INFRA_GNIREP.153,OBS,107.70,,Bef-1,,POYA,NIVELLEMENT,RCNC
BRL_INFRA_GNIREP.154,GRA,,,Bef-2 bis,,POYA,NIVELLEMENT,
BRL_INFRA_GNIREP.155,GRA,,,Bef-3 bis,,POYA,NIVELLEMENT,
BRL_INFRA_GNIREP.156,GRA,,,Bef-4,,POYA,NIVELLEMENT,
BRL_INFRA_GNIREP.157,OBS,100.49,,Bef-5,,POYA,NIVELLEMENT,RCNC
BRL_INFRA_GNIREP.158,GRA,,,Bef-6,,POYA,NIVELLEMENT,
DUM_INFRA_GNIREP.25,OBS,112.14,,A'B'-13,,DUM_INFRA_NIVELLEMENT,RCNC
DUM_INFRA_GNIREP.26,ADAP,,,A'B'-16 bis,,DUM_INFRA_NIVELLEMENT,
DUM_INFRA_GNIREP.27,OBS,70.988,,A'B'-17,,DUM_INFRA_NIVELLEMENT,RCNC
DUM_INFRA_GNIREP.28,OBS,64.594,,A'B'-18,,DUM_INFRA_NIVELLEMENT,RCNC
DUM_INFRA_GNIREP.29,ADAP,,,A'B'-19,,DUM_INFRA_NIVELLEMENT,
DUM_INFRA_GNIREP.30,ADAP,,,A'B'-20,,DUM_INFRA_NIVELLEMENT,
DUM_INFRA_GNIREP.31,OBS,76.142,,A'B'-21,,DUM_INFRA_NIVELLEMENT,RCNC
DUM_INFRA_GNIREP.32,OBS,69.97,,A'B'-22,,DUM_INFRA_NIVELLEMENT,RCNC
DUM_INFRA_GNIREP.33,OBS,70.368,,A'B'-23,,DUM_INFRA_NIVELLEMENT,RCNC
DUM_INFRA_GNIREP.34,OBS,68.91,,A'B'-24,,DUM_INFRA_NIVELLEMENT,RCNC
DUM_INFRA_GNIREP.64,GRA,,,A'B'-24 a,,DUM_INFRA_NIVELLEMENT,RCNC
DUM_INFRA_GNIREP.35,ADAP,,,A'B'-25,,DUM_INFRA_NIVELLEMENT,
DUM_INFRA_GNIREP.36,ADAP,,,A'B'-26,,DUM_INFRA_NIVELLEMENT,
DUM_INFRA_GNIREP.37,OBS,65.06,,A'B'-27,,DUM_INFRA_NIVELLEMENT,RCNC
DUM_INFRA_GNIREP.38,ADAP,,,A'B'-28,,DUM_INFRA_NIVELLEMENT,
DUM_INFRA_GNIREP.44,GRA,,,A'B'-28 I,,DUM_INFRA_NIVELLEMENT,
DUM_INFRA_GNIREP.39,OBS,76.86,,A'B'-5 a,,DUM_INFRA_NIVELLEMENT,RCNC
DUM_INFRA_GNIREP.40,OBS,81.08,,A'B'-6,,DUM_INFRA_NIVELLEMENT,RCNC
DUM_INFRA_GNIREP.9,ADAP,,,AB-15,,DUM_INFRA_NIVELLEMENT,
DUM_INFRA_GNIREP.10,ADAP,,,AB-16,,DUM_INFRA_NIVELLEMENT,
DUM_INFRA_GNIREP.43,GRA,,,AB-19,,DUM_INFRA_NIVELLEMENT,
DUM_INFRA_GNIREP.11,ADAP,170.107,,AB-20,,DUM_INFRA_NIVELLEMENT,RCNC
DUM_INFRA_GNIREP.12,OBS,109.163,,AB-22,,DUM_INFRA_NIVELLEMENT,RCNC
DUM_INFRA_GNIREP.13,OBS,94.437,,AB-23,,DUM_INFRA_NIVELLEMENT,RCNC
DUM_INFRA_GNIREP.14,ADAP,,,AB-24,,DUM_INFRA_NIVELLEMENT,
DUM_INFRA_GNIREP.15,OBS,74.422,,AB-25,,DUM_INFRA_NIVELLEMENT,RCNC
DUM_INFRA_GNIREP.16,OBS,69.958,,AB-26,,DUM_INFRA_NIVELLEMENT,RCNC
DUM_INFRA_GNIREP.17,ADAP,,,AB-26 bis,,DUM_INFRA_NIVELLEMENT,
DUM_INFRA_GNIREP.18,ADAP,,,AB-27,,DUM_INFRA_NIVELLEMENT,
DUM_INFRA_GNIREP.19,ADAP,,,AB-28,,DUM_INFRA_NIVELLEMENT,
DUM_INFRA_GNIREP.20,OBS,65.351,,AB-29,,DUM_INFRA_NIVELLEMENT,RCNC
DUM_INFRA_GNIREP.21,OBS,69.147,,AB-30,,DUM_INFRA_NIVELLEMENT,RCNC
DUM_INFRA_GNIREP.22,ADAP,,,AB-31,,DUM_INFRA_NIVELLEMENT,
DUM_INFRA_GNIREP.23,ADAP,,,AB-32,,DUM_INFRA_NIVELLEMENT,
DUM_INFRA_GNIREP.24,ADAP,,,AB-33,,DUM_INFRA_NIVELLEMENT,
DUM_INFRA_GNIREP.1,OBS,65.58,,Aa.k3o3-1,,DUM_INFRA_NIVELLEMENT,RCNC
DUM_INFRA_GNIREP.2,OBS,146.58,,Aa.k3o3-10,,DUM_INFRA_NIVELLEMENT,RCNC
DUM_INFRA_GNIREP.3,OBS,156.07,,Aa.k3o3-11,,DUM_INFRA_NIVELLEMENT,RCNC
DUM_INFRA_GNIREP.63,ADAP,,,Aa.k3o3-12,,DUM_INFRA_NIVELLEMENT,RCNC
DUM_INFRA_GNIREP.4,OBS,70.02,,Aa.k3o3-2,,DUM_INFRA_NIVELLEMENT,RCNC
DUM_INFRA_GNIREP.5,OBS,96.13,,Aa.k3o3-4,,DUM_INFRA_NIVELLEMENT,RCNC
DUM_INFRA_GNIREP.6,OBS,104.34,,Aa.k3o3-7,,DUM_INFRA_NIVELLEMENT,RCNC
DUM_INFRA_GNIREP.7,OBS,120.76,,Aa.k3o3-8,,DUM_INFRA_NIVELLEMENT,RCNC
DUM_INFRA_GNIREP.8,OBS,129.63,,Aa.k3o3-9,,DUM_INFRA_NIVELLEMENT,RCNC
DUM_INFRA_GNIREP.45,ADAP,,,Aa.l3o3-1,,DUM_INFRA_NIVELLEMENT,
DUM_INFRA_GNIREP.60,GRA,,,Aa.l3o3-10,,DUM_INFRA_NIVELLEMENT,
DUM_INFRA_GNIREP.61,GRA,,,Aa.l3o3-10 I,,DUM_INFRA_NIVELLEMENT,
DUM_INFRA_GNIREP.62,GRA,,,Aa.l3o3-10 II,,DUM_INFRA_NIVELLEMENT,
DUM_INFRA_GNIREP.46,ADAP,,,Aa.l3o3-2,,DUM_INFRA_NIVELLEMENT,
DUM_INFRA_GNIREP.47,GRA,,,Aa.l3o3-3,,DUM_INFRA_NIVELLEMENT,
DUM_INFRA_GNIREP.48,GRA,,,Aa.l3o3-4,,DUM_INFRA_NIVELLEMENT,
DUM_INFRA_GNIREP.49,GRA,,,Aa.l3o3-5,,DUM_INFRA_NIVELLEMENT,
DUM_INFRA_GNIREP.50,GRA,,,Aa.l3o3-6,,DUM_INFRA_NIVELLEMENT,
DUM_INFRA_GNIREP.51,GRA,,,Aa.l3o3-7,,DUM_INFRA_NIVELLEMENT,
DUM_INFRA_GNIREP.52,GRA,,,Aa.l3o3-7 I,,DUM_INFRA_NIVELLEMENT,
DUM_INFRA_GNIREP.53,GRA,,,Aa.l3o3-7 II,,DUM_INFRA_NIVELLEMENT,
DUM_INFRA_GNIREP.54,GRA,,,Aa.l3o3-8,,DUM_INFRA_NIVELLEMENT,
DUM_INFRA_GNIREP.55,GRA,,,Aa.l3o3-8 I,,DUM_INFRA_NIVELLEMENT,
DUM_INFRA_GNIREP.56,GRA,,,Aa.l3o3-8 II,,DUM_INFRA_NIVELLEMENT,
DUM_INFRA_GNIREP.57,GRA,,,Aa.l3o3-9,,DUM_INFRA_NIVELLEMENT,
DUM_INFRA_GNIREP.58,GRA,,,Aa.l3o3-9 I,,DUM_INFRA_NIVELLEMENT,
DUM_INFRA_GNIREP.59,GRA,,,Aa.l3o3-9 II,,DUM_INFRA_NIVELLEMENT,
DUM_INFRA_GNIREP.41,ADAP,,,Ba.n3-6,,DUM_INFRA_NIVELLEMENT,
DUM_INFRA_GNIREP.42,OBS,70.27,,Ba.n3-7,,DUM_INFRA_NIVELLEMENT,RCNC
IDP_INFRA_GNIREP.25,GRA,,,IDP-1,,IDP_INFRA_NIVELLEMENT,
IDP_INFRA_GNIREP.35,GRA,,,IDP-10,,IDP_INFRA_NIVELLEMENT,
IDP_INFRA_GNIREP.36,GRA,,,IDP-11,,IDP_INFRA_NIVELLEMENT,
IDP_INFRA_GNIREP.1,OBS,94.67,,IDP-11 a,,IDP_INFRA_NIVELLEMENT,RCNC
IDP_INFRA_GNIREP.2,OBS,124.63,,IDP-12 bis,,IDP_INFRA_NIVELLEMENT,RCNC
IDP_INFRA_GNIREP.3,OBS,144.56,,IDP-13,,IDP_INFRA_NIVELLEMENT,RCNC
IDP_INFRA_GNIREP.4,ADAP,,,IDP-14,,IDP_INFRA_NIVELLEMENT,
IDP_INFRA_GNIREP.26,GRA,,,IDP-14 I,,IDP_INFRA_NIVELLEMENT,
IDP_INFRA_GNIREP.27,GRA,,,IDP-15,,IDP_INFRA_NIVELLEMENT,
IDP_INFRA_GNIREP.5,OBS,124.34,,IDP-15 a,,IDP_INFRA_NIVELLEMENT,RCNC
IDP_INFRA_GNIREP.64,GRA,,,IDP-15 bis,,IDP_INFRA_NIVELLEMENT,
IDP_INFRA_GNIREP.57,GRA,,,IDP-17 bis,,IDP_INFRA_NIVELLEMENT,
IDP_INFRA_GNIREP.58,GRA,,,IDP-18,,IDP_INFRA_NIVELLEMENT,
IDP_INFRA_GNIREP.60,GRA,,,IDP-19 bis,,IDP_INFRA_NIVELLEMENT,
IDP_INFRA_GNIREP.6,OBS,61.010,,IDP-2,,IDP_INFRA_NIVELLEMENT,RCNC
IDP_INFRA_GNIREP.59,OBS,72.80,,IDP-20 bis,,IDP_INFRA_NIVELLEMENT,RCNC
IDP_INFRA_GNIREP.7,OBS,89.28,,IDP-21,,IDP_INFRA_NIVELLEMENT,RCNC
IDP_INFRA_GNIREP.8,OBS,79.72,,IDP-22 bis,,IDP_INFRA_NIVELLEMENT,RCNC
IDP_INFRA_GNIREP.9,OBS,83.76,,IDP-23 bis,,IDP_INFRA_NIVELLEMENT,RCNC
IDP_INFRA_GNIREP.37,GRA,,,IDP-24,,IDP_INFRA_NIVELLEMENT,
IDP_INFRA_GNIREP.38,GRA,,,IDP-25,,IDP_INFRA_NIVELLEMENT,
IDP_INFRA_GNIREP.10,OBS,84.24,,IDP-25 a,,IDP_INFRA_NIVELLEMENT,RCNC
IDP_INFRA_GNIREP.65,GRA,,,IDP-25 b,,IDP_INFRA_NIVELLEMENT,
IDP_INFRA_GNIREP.11,OBS,80.91,,IDP-26,,IDP_INFRA_NIVELLEMENT,RCNC
IDP_INFRA_GNIREP.12,OBS,78.64,,IDP-27,,IDP_INFRA_NIVELLEMENT,RCNC
IDP_INFRA_GNIREP.66,GRA,,,IDP-27 bis,,IDP_INFRA_NIVELLEMENT,
IDP_INFRA_GNIREP.13,OBS,75.75,,IDP-28,,IDP_INFRA_NIVELLEMENT,RCNC
IDP_INFRA_GNIREP.39,GRA,,,IDP-29,,IDP_INFRA_NIVELLEMENT,
IDP_INFRA_GNIREP.28,GRA,,,IDP-3,,IDP_INFRA_NIVELLEMENT,
IDP_INFRA_GNIREP.77,GRA,,,IDP-3 a,,IDP_INFRA_NIVELLEMENT,
IDP_INFRA_GNIREP.40,GRA,,,IDP-30,,IDP_INFRA_NIVELLEMENT,
IDP_INFRA_GNIREP.67,GRA,,,IDP-30 bis,,IDP_INFRA_NIVELLEMENT,
IDP_INFRA_GNIREP.68,GRA,,,IDP-31 bis,,IDP_INFRA_NIVELLEMENT,
IDP_INFRA_GNIREP.69,GRA,,,IDP-32 bis,,IDP_INFRA_NIVELLEMENT,
IDP_INFRA_GNIREP.41,GRA,,,IDP-33,,IDP_INFRA_NIVELLEMENT,
IDP_INFRA_GNIREP.14,OBS,63.23,,IDP-34,,IDP_INFRA_NIVELLEMENT,RCNC
IDP_INFRA_GNIREP.42,GRA,,,IDP-35,,IDP_INFRA_NIVELLEMENT,
IDP_INFRA_GNIREP.70,GRA,,,IDP-35 bis,,IDP_INFRA_NIVELLEMENT,
IDP_INFRA_GNIREP.43,GRA,,,IDP-36,,IDP_INFRA_NIVELLEMENT,
IDP_INFRA_GNIREP.44,GRA,,,IDP-37,,IDP_INFRA_NIVELLEMENT,
IDP_INFRA_GNIREP.15,OBS,148.38,,IDP-38,,IDP_INFRA_NIVELLEMENT,RCNC
IDP_INFRA_GNIREP.71,GRA,,,IDP-39,,IDP_INFRA_NIVELLEMENT,
IDP_INFRA_GNIREP.29,OBS,64.27,,IDP-4,,IDP_INFRA_NIVELLEMENT,RCNC
IDP_INFRA_GNIREP.45,GRA,,,IDP-40,,IDP_INFRA_NIVELLEMENT,
IDP_INFRA_GNIREP.46,GRA,,,IDP-41,,IDP_INFRA_NIVELLEMENT,
IDP_INFRA_GNIREP.47,GRA,,,IDP-42,,IDP_INFRA_NIVELLEMENT,
IDP_INFRA_GNIREP.48,GRA,,,IDP-43,,IDP_INFRA_NIVELLEMENT,
IDP_INFRA_GNIREP.49,GRA,,,IDP-44,,IDP_INFRA_NIVELLEMENT,
IDP_INFRA_GNIREP.50,GRA,,,IDP-45,,IDP_INFRA_NIVELLEMENT,
IDP_INFRA_GNIREP.51,GRA,,,IDP-46,,IDP_INFRA_NIVELLEMENT,
IDP_INFRA_GNIREP.52,GRA,,,IDP-47,,IDP_INFRA_NIVELLEMENT,
IDP_INFRA_GNIREP.53,GRA,,,IDP-48,,IDP_INFRA_NIVELLEMENT,
IDP_INFRA_GNIREP.16,OBS,166.22,,IDP-49,,IDP_INFRA_NIVELLEMENT,RCNC
IDP_INFRA_GNIREP.30,GRA,,,IDP-5,,IDP_INFRA_NIVELLEMENT,
IDP_INFRA_GNIREP.56,GRA,,,IDP-50,,IDP_INFRA_NIVELLEMENT,
IDP_INFRA_GNIREP.17,OBS,104.16,,IDP-51,,IDP_INFRA_NIVELLEMENT,RCNC
IDP_INFRA_GNIREP.61,GRA,,,IDP-52,,IDP_INFRA_NIVELLEMENT,
IDP_INFRA_GNIREP.62,GRA,,,IDP-53,,IDP_INFRA_NIVELLEMENT,
IDP_INFRA_GNIREP.18,OBS,96.67,,IDP-54,,IDP_INFRA_NIVELLEMENT,RCNC
IDP_INFRA_GNIREP.63,GRA,,,IDP-55,,IDP_INFRA_NIVELLEMENT,
IDP_INFRA_GNIREP.19,OBS,83.90,,IDP-56,,IDP_INFRA_NIVELLEMENT,RCNC
IDP_INFRA_GNIREP.20,OBS,84.67,,IDP-57,,IDP_INFRA_NIVELLEMENT,RCNC
IDP_INFRA_GNIREP.21,OBS,68.21,,IDP-58,,IDP_INFRA_NIVELLEMENT,RCNC
IDP_INFRA_GNIREP.22,OBS,79.54,,IDP-59,,IDP_INFRA_NIVELLEMENT,RCNC
IDP_INFRA_GNIREP.31,GRA,,,IDP-6,,IDP_INFRA_NIVELLEMENT,
IDP_INFRA_GNIREP.54,GRA,,,IDP-60,,IDP_INFRA_NIVELLEMENT,
IDP_INFRA_GNIREP.55,GRA,,,IDP-61,,IDP_INFRA_NIVELLEMENT,
IDP_INFRA_GNIREP.23,OBS,89.96,,IDP-62,,IDP_INFRA_NIVELLEMENT,RCNC
IDP_INFRA_GNIREP.24,OBS,83.53,,IDP-63,,IDP_INFRA_NIVELLEMENT,RCNC
IDP_INFRA_GNIREP.72,GRA,,,IDP-64,,IDP_INFRA_NIVELLEMENT,
IDP_INFRA_GNIREP.73,GRA,,,IDP-65,,IDP_INFRA_NIVELLEMENT,
IDP_INFRA_GNIREP.74,GRA,,,IDP-66,,IDP_INFRA_NIVELLEMENT,
IDP_INFRA_GNIREP.75,GRA,,,IDP-67,,IDP_INFRA_NIVELLEMENT,
IDP_INFRA_GNIREP.76,GRA,,,IDP-68,,IDP_INFRA_NIVELLEMENT,
IDP_INFRA_GNIREP.32,OBS,71.36,,IDP-7,,IDP_INFRA_NIVELLEMENT,RCNC
IDP_INFRA_GNIREP.33,GRA,,,IDP-8,,IDP_INFRA_NIVELLEMENT,
IDP_INFRA_GNIREP.34,GRA,,,IDP-9,,IDP_INFRA_NIVELLEMENT,
FOA_INFRA_GNIREP.77,ADAP,,,A'B'-110,,FOA_INFRA_NIVELLEMENT,
FOA_INFRA_GNIREP.78,ADAP,,,A'B'-111,,FOA_INFRA_NIVELLEMENT,
FOA_INFRA_GNIREP.23,OBS,71.36,,A.bc-1 bis,,FOA_INFRA_NIVELLEMENT,RCNC
FOA_INFRA_GNIREP.31,OBS,102.87,,A.bc-10 bis,,SARRAMEA,NIVELLEMENT,RCNC
FOA_INFRA_GNIREP.32,OBS,111.83,,A.bc-11 bis,,SARRAMEA,NIVELLEMENT,RCNC
FOA_INFRA_GNIREP.33,GRA,,,A.bc-12,,SARRAMEA,NIVELLEMENT,
FOA_INFRA_GNIREP.34,OBS,158.50,,A.bc-13 bis,,SARRAMEA,NIVELLEMENT,RCNC
FOA_INFRA_GNIREP.35,OBS,209.25,,A.bc-14,,SARRAMEA,NIVELLEMENT,RCNC
FOA_INFRA_GNIREP.36,GRA,,,A.bc-15,,SARRAMEA,NIVELLEMENT,
FOA_INFRA_GNIREP.37,OBS,275.12,,A.bc-16 bis,,SARRAMEA,NIVELLEMENT,RCNC
FOA_INFRA_GNIREP.38,GRA,,,A.bc-18,,SARRAMEA,NIVELLEMENT,
FOA_INFRA_GNIREP.39,GRA,,,A.bc-19 bis,,SARRAMEA,NIVELLEMENT,
FOA_INFRA_GNIREP.24,GRA,,,A.bc-2 bis,,SARRAMEA,NIVELLEMENT,
FOA_INFRA_GNIREP.40,GRA,,,A.bc-20,,SARRAMEA,NIVELLEMENT,
FOA_INFRA_GNIREP.41,GRA,,,A.bc-21 bis,,SARRAMEA,NIVELLEMENT,
FOA_INFRA_GNIREP.42,GRA,,,A.bc-22 bis,,SARRAMEA,NIVELLEMENT,
FOA_INFRA_GNIREP.43,OBS,533.10,,A.bc-23 bis,,SARRAMEA,NIVELLEMENT,RCNC
FOA_INFRA_GNIREP.44,GRA,,,A.bc-24,,SARRAMEA,NIVELLEMENT,
FOA_INFRA_GNIREP.45,GRA,,,A.bc-25,,SARRAMEA,NIVELLEMENT,
FOA_INFRA_GNIREP.89,GRA,,,A.bc-26 I,,SARRAMEA,NIVELLEMENT,
FOA_INFRA_GNIREP.52,GRA,,,A.bc-28 bis,,SARRAMEA,NIVELLEMENT,
FOA_INFRA_GNIREP.53,GRA,,,A.bc-29,,SARRAMEA,NIVELLEMENT,
FOA_INFRA_GNIREP.25,GRA,,,A.bc-3 bis,,SARRAMEA,NIVELLEMENT,
FOA_INFRA_GNIREP.90,GRA,,,A.bc-3 bis I,,SARRAMEA,NIVELLEMENT,
FOA_INFRA_GNIREP.54,GRA,,,A.bc-30 bis,,SARRAMEA,NIVELLEMENT,
FOA_INFRA_GNIREP.55,OBS,392.14,,A.bc-31 bis,,SARRAMEA,NIVELLEMENT,RCNC
FOA_INFRA_GNIREP.56,GRA,,,A.bc-32 bis,,SARRAMEA,NIVELLEMENT,
FOA_INFRA_GNIREP.88,GRA,,,A.bc-33 bis,,SARRAMEA,NIVELLEMENT,
FOA_INFRA_GNIREP.58,GRA,,,A.bc-34,,SARRAMEA,NIVELLEMENT,
FOA_INFRA_GNIREP.87,GRA,,,A.bc-36 bis I,,SARRAMEA,NIVELLEMENT,
FOA_INFRA_GNIREP.86,GRA,,,A.bc-38 bis,,SARRAMEA,NIVELLEMENT,
FOA_INFRA_GNIREP.26,GRA,,,A.bc-4,,SARRAMEA,NIVELLEMENT,
FOA_INFRA_GNIREP.27,OBS,81.11,,A.bc-4 bis,,SARRAMEA,NIVELLEMENT,RCNC
FOA_INFRA_GNIREP.28,OBS,84.62,,A.bc-6,,SARRAMEA,NIVELLEMENT,RCNC
FOA_INFRA_GNIREP.29,OBS,89.16,,A.bc-6 bis,,SARRAMEA,NIVELLEMENT,RCNC
FOA_INFRA_GNIREP.30,OBS,97.47,,A.bc-8,,SARRAMEA,NIVELLEMENT,RCNC
FOA_INFRA_GNIREP.2,OBS,113.23,,AB-104,,FOA_INFRA_NIVELLEMENT,RCNC
FOA_INFRA_GNIREP.76,GRA,,,AB-105 bis,,FOA_INFRA_NIVELLEMENT,
FOA_INFRA_GNIREP.3,ADAP,,,AB-106,,FOA_INFRA_NIVELLEMENT,
FOA_INFRA_GNIREP.4,OBS,112.54,,AB-107,,FOA_INFRA_NIVELLEMENT,RCNC
FOA_INFRA_GNIREP.5,OBS,95.79,,AB-108,,FOA_INFRA_NIVELLEMENT,RCNC
FOA_INFRA_GNIREP.6,OBS,104.47,,AB-109,,FOA_INFRA_NIVELLEMENT,RCNC
FOA_INFRA_GNIREP.7,OBS,110.86,,AB-110,,FOA_INFRA_NIVELLEMENT,RCNC
FOA_INFRA_GNIREP.8,ADAP,,,AB-110 I,,FOA_INFRA_NIVELLEMENT,
FOA_INFRA_GNIREP.79,GRA,,,AB-111 bis,,FOA_INFRA_NIVELLEMENT,
FOA_INFRA_GNIREP.9,ADAP,,,AB-112,,FOA_INFRA_NIVELLEMENT,
FOA_INFRA_GNIREP.10,OBS,118.02,,AB-112 a,,FOA_INFRA_NIVELLEMENT,RCNC
FOA_INFRA_GNIREP.11,OBS,112.09,,AB-113,,FOA_INFRA_NIVELLEMENT,RCNC
FOA_INFRA_GNIREP.12,OBS,91.21,,AB-114,,FOA_INFRA_NIVELLEMENT,RCNC
FOA_INFRA_GNIREP.13,OBS,77.96,,AB-115,,FOA_INFRA_NIVELLEMENT,RCNC
FOA_INFRA_GNIREP.14,OBS,73.067,,AB-115 a,,FOA_INFRA_NIVELLEMENT,RCNC
FOA_INFRA_GNIREP.15,ADAP,,,AB-116,,FOA_INFRA_NIVELLEMENT,
FOA_INFRA_GNIREP.16,ADAP,,,AB-116 a,,FOA_INFRA_NIVELLEMENT,
FOA_INFRA_GNIREP.17,GRA,,,AB-117 bis,,FOA_INFRA_NIVELLEMENT,
FOA_INFRA_GNIREP.51,GRA,,,AB-117 ter,,FOA_INFRA_NIVELLEMENT,
FOA_INFRA_GNIREP.84,GRA,,,AB-118 bis,,FOA_INFRA_NIVELLEMENT,
FOA_INFRA_GNIREP.83,GRA,,,AB-119 a bis,,FOA_INFRA_NIVELLEMENT,
FOA_INFRA_GNIREP.64,ADAP,,,AB-119 bis,,FOA_INFRA_NIVELLEMENT,
FOA_INFRA_GNIREP.19,ADAP,,,AB-120 bis,,FOA_INFRA_NIVELLEMENT,
FOA_INFRA_GNIREP.85,GRA,,,AB-120 ter,,FOA_INFRA_NIVELLEMENT,
FOA_INFRA_GNIREP.20,GRA,,,AB-121 a,,FOA_INFRA_NIVELLEMENT,
FOA_INFRA_GNIREP.65,GRA,,,AB-121 b,,FOA_INFRA_NIVELLEMENT,
FOA_INFRA_GNIREP.67,GRA,,,AB-122 a,,FOA_INFRA_NIVELLEMENT,
FOA_INFRA_GNIREP.66,OBS,78.27,,AB-122 bis,,FOA_INFRA_NIVELLEMENT,RCNC
FOA_INFRA_GNIREP.60,OBS,74.68,,AB-123 b,,FARINO,NIVELLEMENT,RCNC
FOA_INFRA_GNIREP.21,GRA,,,AB-123 ter,,FOA_INFRA_NIVELLEMENT,
FOA_INFRA_GNIREP.61,OBS,121.51,,AB-124 a,,FOA_INFRA_NIVELLEMENT,RCNC
FOA_INFRA_GNIREP.22,OBS,99.62,,AB-124 bis,,FOA_INFRA_NIVELLEMENT,RCNC
FOA_INFRA_GNIREP.68,OBS,73.42,,AB-126 bis,,FOA_INFRA_NIVELLEMENT,RCNC
FOA_INFRA_GNIREP.80,OBS,69.84,,AB-127 bis,,FOA_INFRA_NIVELLEMENT,RCNC
FOA_INFRA_GNIREP.62,OBS,76.88,,AB-128 a,,FOA_INFRA_NIVELLEMENT,RCNC
FOA_INFRA_GNIREP.63,OBS,79.03,,AB-129 a,,FOA_INFRA_NIVELLEMENT,RCNC
FOA_INFRA_GNIREP.81,OBS,67.42,,AB-130 bis,,FOA_INFRA_NIVELLEMENT,RCNC
FOA_INFRA_GNIREP.49,OBS,101.59,,Ab.k3l3-11,,FOA_INFRA_NIVELLEMENT,RCNC
FOA_INFRA_GNIREP.50,OBS,115.18,,Ab.k3l3-12,,FOA_INFRA_NIVELLEMENT,RCNC
FOA_INFRA_GNIREP.75,OBS,70.22,,Ab.k3l3-2,,FOA_INFRA_NIVELLEMENT,RCNC
FOA_INFRA_GNIREP.47,OBS,68.71,,Ab.k3l3-3,,FOA_INFRA_NIVELLEMENT,RCNC
FOA_INFRA_GNIREP.48,OBS,73.46,,Ab.k3l3-5,,FOA_INFRA_NIVELLEMENT,RCNC
FOA_INFRA_GNIREP.82,OBS,80.376,,Ab.k3l3-8 bis,,FOA_INFRA_NIVELLEMENT,RCNC
FOA_INFRA_GNIREP.69,ADAP,,,B.de-32,,FOA_INFRA_NIVELLEMENT,
FOA_INFRA_GNIREP.70,ADAP,,,B.de-33,,FOA_INFRA_NIVELLEMENT,
FOA_INFRA_GNIREP.71,ADAP,,,B.de-34,,FOA_INFRA_NIVELLEMENT,
FOA_INFRA_GNIREP.72,ADAP,,,B.de-34 I,,FOA_INFRA_NIVELLEMENT,
FOA_INFRA_GNIREP.73,ADAP,,,B.de-34 II,,FOA_INFRA_NIVELLEMENT,
FOA_INFRA_GNIREP.74,OBS,78.78,,B.de-35,,FOA_INFRA_NIVELLEMENT,RCNC
MND_INFRA_GNIREP.24,OBS,76.121,,A'B'-134,,MND_INFRA_NIVELLEMENT,RCNC
MND_INFRA_GNIREP.25,OBS,64.989,,A'B'-138,,MND_INFRA_NIVELLEMENT,RCNC
MND_INFRA_GNIREP.27,GRA,,,A'B'-140,,MND_INFRA_NIVELLEMENT,
MND_INFRA_GNIREP.28,GRA,,,A'B'-141,,MND_INFRA_NIVELLEMENT,
MND_INFRA_GNIREP.29,ADAP,,,A'B'-143,,MND_INFRA_NIVELLEMENT,
MND_INFRA_GNIREP.30,OBS,189.532,,A'B'-144,,MND_INFRA_NIVELLEMENT,RCNC
MND_INFRA_GNIREP.31,ADAP,,,A'B'-145,,MND_INFRA_NIVELLEMENT,
MND_INFRA_GNIREP.32,ADAP,,,A'B'-146,,MND_INFRA_NIVELLEMENT,
MND_INFRA_GNIREP.33,OBS,275.852,,A'B'-147,,MND_INFRA_NIVELLEMENT,RCNC
MND_INFRA_GNIREP.15,OBS,72.45,,AB-131 a,,MND_INFRA_NIVELLEMENT,RCNC
MND_INFRA_GNIREP.16,OBS,64.82,,AB-132 a,,MND_INFRA_NIVELLEMENT,RCNC
MND_INFRA_GNIREP.1,OBS,64.20,,AB-132 bis,,MND_INFRA_NIVELLEMENT,RCNC
MND_INFRA_GNIREP.17,OBS,75.74,,AB-134,,MND_INFRA_NIVELLEMENT,RCNC
MND_INFRA_GNIREP.18,GRA,,,AB-135 a,,MND_INFRA_NIVELLEMENT,
MND_INFRA_GNIREP.19,GRA,,,AB-136 a,,MND_INFRA_NIVELLEMENT,
MND_INFRA_GNIREP.20,GRA,,,AB-136 bis,,MND_INFRA_NIVELLEMENT,
MND_INFRA_GNIREP.22,OBS,67.17,,AB-137 b,,MND_INFRA_NIVELLEMENT,RCNC
MND_INFRA_GNIREP.23,OBS,68.98,,AB-137 bis,,MND_INFRA_NIVELLEMENT,RCNC
MND_INFRA_GNIREP.2,OBS,66.28,,AB-138 a,,MND_INFRA_NIVELLEMENT,RCNC
MND_INFRA_GNIREP.3,OBS,68.78,,AB-139,,MND_INFRA_NIVELLEMENT,RCNC
MND_INFRA_GNIREP.4,OBS,81.06,,AB-139 a,,MND_INFRA_NIVELLEMENT,RCNC
MND_INFRA_GNIREP.5,OBS,89.64,,AB-140,,MND_INFRA_NIVELLEMENT,RCNC
MND_INFRA_GNIREP.6,OBS,91.52,,AB-141,,MND_INFRA_NIVELLEMENT,RCNC
MND_INFRA_GNIREP.7,OBS,66.98,,AB-142,,MND_INFRA_NIVELLEMENT,RCNC
MND_INFRA_GNIREP.8,OBS,71.14,,AB-142 a,,MND_INFRA_NIVELLEMENT,RCNC
MND_INFRA_GNIREP.34,GRA,,,AB-142 b,,MND_INFRA_NIVELLEMENT,
MND_INFRA_GNIREP.9,OBS,65.63,,AB-143,,MND_INFRA_NIVELLEMENT,RCNC
MND_INFRA_GNIREP.10,OBS,66.83,,AB-143 a,,MND_INFRA_NIVELLEMENT,RCNC
MND_INFRA_GNIREP.11,OBS,65.34,,AB-144,,MND_INFRA_NIVELLEMENT,RCNC
MND_INFRA_GNIREP.35,OBS,65.63,,AB-145,,MND_INFRA_NIVELLEMENT,RCNC
MND_INFRA_GNIREP.12,OBS,68.97,,AB-146,,MND_INFRA_NIVELLEMENT,RCNC
MND_INFRA_GNIREP.13,OBS,75.25,,AB-146 g,,MND_INFRA_NIVELLEMENT,RCNC
MTD_INFRA_GNIREP.78,ADAP,,,AC-1,,MTD_INFRA_NIVELLEMENT,
MTD_INFRA_GNIREP.3,OBS,63.21,,AC-10,,MTD_INFRA_NIVELLEMENT,RCNC
MTD_INFRA_GNIREP.4,OBS,62.73,,AC-11 bis,,MTD_INFRA_NIVELLEMENT,RCNC
MTD_INFRA_GNIREP.5,ADAP,65.53,,AC-12 a,,MTD_INFRA_NIVELLEMENT,
MTD_INFRA_GNIREP.6,ADAP,62.89,,AC-12 bis,,MTD_INFRA_NIVELLEMENT,
MTD_INFRA_GNIREP.7,OBS,62.36,,AC-12 bis a,,MTD_INFRA_NIVELLEMENT,RCNC
MTD_INFRA_GNIREP.80,GRA,,,AC-12 bis b,,MTD_INFRA_NIVELLEMENT,
MTD_INFRA_GNIREP.8,OBS,70.20,,AC-13 bis,,MTD_INFRA_NIVELLEMENT,RCNC
MTD_INFRA_GNIREP.9,OBS,75.63,,AC-14 a,,MTD_INFRA_NIVELLEMENT,RCNC
MTD_INFRA_GNIREP.10,OBS,72.84,,AC-16,,MTD_INFRA_NIVELLEMENT,
MTD_INFRA_GNIREP.94,GRA,,,AC-16 bis,,MTD_INFRA_NIVELLEMENT,
MTD_INFRA_GNIREP.11,OBS,73.05,,AC-17,,MTD_INFRA_NIVELLEMENT,
MTD_INFRA_GNIREP.12,ADAP,,,AC-18,,MTD_INFRA_NIVELLEMENT,
MTD_INFRA_GNIREP.13,OBS,78.62,,AC-19,,MTD_INFRA_NIVELLEMENT,RCNC
MTD_INFRA_GNIREP.76,OBS,65.12,,AC-2 bis,,MTD_INFRA_NIVELLEMENT,
MTD_INFRA_GNIREP.14,OBS,81.81,,AC-20,,MTD_INFRA_NIVELLEMENT,RCNC
MTD_INFRA_GNIREP.15,OBS,92.08,,AC-21,,MTD_INFRA_NIVELLEMENT,RCNC
MTD_INFRA_GNIREP.16,OBS,159.47,,AC-22,,MTD_INFRA_NIVELLEMENT,RCNC
MTD_INFRA_GNIREP.17,OBS,232.51,,AC-23 a,,MTD_INFRA_NIVELLEMENT,
MTD_INFRA_GNIREP.18,OBS,276.49,,AC-24 bis,,MTD_INFRA_NIVELLEMENT,
MTD_INFRA_GNIREP.19,OBS,,,AC-26,,MTD_INFRA_NIVELLEMENT,
MTD_INFRA_GNIREP.20,OBS,210.48,,AC-29,,MTD_INFRA_NIVELLEMENT,
MTD_INFRA_GNIREP.77,ADAP,,,AC-3,,MTD_INFRA_NIVELLEMENT,
MTD_INFRA_GNIREP.21,OBS,280.346,,AC-30,,MTD_INFRA_NIVELLEMENT,
MTD_INFRA_GNIREP.22,OBS,305.84,,AC-31,,MTD_INFRA_NIVELLEMENT,
MTD_INFRA_GNIREP.23,OBS,317.19,,AC-32,,MTD_INFRA_NIVELLEMENT,
MTD_INFRA_GNIREP.24,OBS,320.02,,AC-33 bis,,MTD_INFRA_NIVELLEMENT,
MTD_INFRA_GNIREP.25,OBS,,,AC-34,,MTD_INFRA_NIVELLEMENT,
MTD_INFRA_GNIREP.26,OBS,244.45,,AC-35,,MTD_INFRA_NIVELLEMENT,
MTD_INFRA_GNIREP.27,OBS,183.32,,AC-35 a,,MTD_INFRA_NIVELLEMENT,
MTD_INFRA_GNIREP.28,OBS,160.24,,AC-37,,MTD_INFRA_NIVELLEMENT,
MTD_INFRA_GNIREP.29,OBS,176.72,,AC-38,,MTD_INFRA_NIVELLEMENT,
MTD_INFRA_GNIREP.30,OBS,188.83,,AC-38 a,,MTD_INFRA_NIVELLEMENT,
MTD_INFRA_GNIREP.31,OBS,208.25,,AC-39,,MTD_INFRA_NIVELLEMENT,
MTD_INFRA_GNIREP.79,OBS,,,AC-4 bis,,MTD_INFRA_NIVELLEMENT,
MTD_INFRA_GNIREP.32,OBS,217.92,,AC-40,,MTD_INFRA_NIVELLEMENT,
MTD_INFRA_GNIREP.33,OBS,221.98,,AC-41,,MTD_INFRA_NIVELLEMENT,
MTD_INFRA_GNIREP.81,ADAP,,,AC-42,,MTD_INFRA_NIVELLEMENT,
MTD_INFRA_GNIREP.34,OBS,64.49,,AC-6,,MTD_INFRA_NIVELLEMENT,RCNC
MTD_INFRA_GNIREP.35,OBS,64.60,,AC-7 bis,,MTD_INFRA_NIVELLEMENT,RCNC
MTD_INFRA_GNIREP.36,OBS,66.75,,AC-8,,MTD_INFRA_NIVELLEMENT,RCNC
MTD_INFRA_GNIREP.37,OBS,64.31,,AC-9 bis,,MTD_INFRA_NIVELLEMENT,RCNC
MTD_INFRA_GNIREP.2,OBS,235.17,,Aa.k3n3-1,,MTD_INFRA_NIVELLEMENT,
MTD_INFRA_GNIREP.38,OBS,62.687,,C.ab-1,,MTD_INFRA_NIVELLEMENT,RCNC
MTD_INFRA_GNIREP.39,OBS,66.75,,C.ab-1 a,,MTD_INFRA_NIVELLEMENT,RCNC
MTD_INFRA_GNIREP.40,OBS,74.36,,C.ab-10 a,,MTD_INFRA_NIVELLEMENT,RCNC
MTD_INFRA_GNIREP.41,OBS,75.17,,C.ab-10 bis,,MTD_INFRA_NIVELLEMENT,RCNC
MTD_INFRA_GNIREP.42,OBS,66.78,,C.ab-11 a,,MTD_INFRA_NIVELLEMENT,RCNC
MTD_INFRA_GNIREP.43,OBS,66.47,,C.ab-11 c,,MTD_INFRA_NIVELLEMENT,RCNC
MTD_INFRA_GNIREP.44,OBS,66.816,,C.ab-13,,MTD_INFRA_NIVELLEMENT,
MTD_INFRA_GNIREP.45,OBS,64.57,,C.ab-14,,MTD_INFRA_NIVELLEMENT,RCNC
MTD_INFRA_GNIREP.46,ADAP,,,C.ab-16,,MTD_INFRA_NIVELLEMENT,
MTD_INFRA_GNIREP.47,OBS,69.04,,C.ab-17,,MTD_INFRA_NIVELLEMENT,RCNC
MTD_INFRA_GNIREP.48,OBS,66.65,,C.ab-2 a,,MTD_INFRA_NIVELLEMENT,RCNC
MTD_INFRA_GNIREP.49,OBS,109.87,,C.ab-20,,MTD_INFRA_NIVELLEMENT,RCNC
MTD_INFRA_GNIREP.50,OBS,123.17,,C.ab-26,,MTD_INFRA_NIVELLEMENT,RCNC
MTD_INFRA_GNIREP.51,OBS,200.784,,C.ab-27,,MTD_INFRA_NIVELLEMENT,
MTD_INFRA_GNIREP.93,GRA,,,C.ab-27 bis,,MTD_INFRA_NIVELLEMENT,
MTD_INFRA_GNIREP.52,OBS,94.710,,C.ab-30,,MTD_INFRA_NIVELLEMENT,
MTD_INFRA_GNIREP.53,OBS,67.879,,C.ab-31,,MTD_INFRA_NIVELLEMENT,
MTD_INFRA_GNIREP.54,OBS,77.614,,C.ab-32,,MTD_INFRA_NIVELLEMENT,
MTD_INFRA_GNIREP.55,OBS,90.022,,C.ab-34,,MTD_INFRA_NIVELLEMENT,
MTD_INFRA_GNIREP.56,OBS,259.37,,C.ab-35,,MTD_INFRA_NIVELLEMENT,RCNC
MTD_INFRA_GNIREP.57,OBS,385.72,,C.ab-36,,MTD_INFRA_NIVELLEMENT,RCNC
MTD_INFRA_GNIREP.58,OBS,380.85,,C.ab-37,,MTD_INFRA_NIVELLEMENT,RCNC
MTD_INFRA_GNIREP.59,OBS,322.53,,C.ab-38,,MTD_INFRA_NIVELLEMENT,RCNC
MTD_INFRA_GNIREP.85,GRA,,,C.ab-39,,MTD_INFRA_NIVELLEMENT,
MTD_INFRA_GNIREP.60,ADAP,62.72,,C.ab-4,,MTD_INFRA_NIVELLEMENT,RCNC
MTD_INFRA_GNIREP.61,OBS,246.56,,C.ab-40,,MTD_INFRA_NIVELLEMENT,RCNC
MTD_INFRA_GNIREP.62,OBS,261.52,,C.ab-41,,MTD_INFRA_NIVELLEMENT,RCNC
MTD_INFRA_GNIREP.63,OBS,237.25,,C.ab-42,,MTD_INFRA_NIVELLEMENT,RCNC
MTD_INFRA_GNIREP.86,GRA,,,C.ab-44,,MTD_INFRA_NIVELLEMENT,
MTD_INFRA_GNIREP.87,GRA,,,C.ab-45,,MTD_INFRA_NIVELLEMENT,
MTD_INFRA_GNIREP.88,OBS,68.55,,C.ab-46,,MTD_INFRA_NIVELLEMENT,RCNC
MTD_INFRA_GNIREP.64,OBS,127.89,,C.ab-47,,MTD_INFRA_NIVELLEMENT,RCNC
MTD_INFRA_GNIREP.65,OBS,265.30,,C.ab-49,,MTD_INFRA_NIVELLEMENT,RCNC
MTD_INFRA_GNIREP.66,OBS,63.24,,C.ab-5 a,,MTD_INFRA_NIVELLEMENT,RCNC
MTD_INFRA_GNIREP.89,GRA,,,C.ab-50,,MTD_INFRA_NIVELLEMENT,
MTD_INFRA_GNIREP.90,GRA,,,C.ab-51,,MTD_INFRA_NIVELLEMENT,
MTD_INFRA_GNIREP.91,ADAP,,,C.ab-52,,MTD_INFRA_NIVELLEMENT,
MTD_INFRA_GNIREP.92,ADAP,,,C.ab-53,,MTD_INFRA_NIVELLEMENT,
MTD_INFRA_GNIREP.84,GRA,,,C.ab-6 bis,,MTD_INFRA_NIVELLEMENT,
MTD_INFRA_GNIREP.67,OBS,67.32,,C.ab-7 a,,MTD_INFRA_NIVELLEMENT,RCNC
MTD_INFRA_GNIREP.68,ADAP,,,C.ab-8,,MTD_INFRA_NIVELLEMENT,
MTD_INFRA_GNIREP.69,ADAP,,,C.ab-8 a,,MTD_INFRA_NIVELLEMENT,
MTD_INFRA_GNIREP.70,ADAP,,,C.ab-9,,MTD_INFRA_NIVELLEMENT,
MTD_INFRA_GNIREP.71,ADAP,,,C.ab-9 a,,MTD_INFRA_NIVELLEMENT,
MTD_INFRA_GNIREP.72,ADAP,,,Ca.k3l3-1,,MTD_INFRA_NIVELLEMENT,
MTD_INFRA_GNIREP.73,ADAP,,,Ca.k3l3-2,,MTD_INFRA_NIVELLEMENT,
MTD_INFRA_GNIREP.82,ADAP,,,Ca.k3l3-3,,MTD_INFRA_NIVELLEMENT,
MTD_INFRA_GNIREP.74,OBS,139.02,,Ca.k3l3-3 bis,,MTD_INFRA_NIVELLEMENT,RCNC
MTD_INFRA_GNIREP.83,ADAP,,,Ca.k3l3-4 bis,,MTD_INFRA_NIVELLEMENT,
MTD_INFRA_GNIREP.75,ADAP,,,Ca.k3l3-5 bis,,MTD_INFRA_NIVELLEMENT,
NEA_INFRA_GNIREP.3,ADAP,,,A'B'-1,,NEA_INFRA_NIVELLEMENT,
NEA_INFRA_GNIREP.127,OBS,87.947,,A'B'-3 a,,NEA_INFRA_NIVELLEMENT,RCNC
NEA_INFRA_GNIREP.2,ADAP,,,ABC-,,NEA_INFRA_NIVELLEMENT,
NEA_INFRA_GNIREP.4,OBS,70.048,,BC-1,,NEA_INFRA_NIVELLEMENT,RCNC
NEA_INFRA_GNIREP.13,ADAP,,,BC-10,,NEA_INFRA_NIVELLEMENT,
NEA_INFRA_GNIREP.14,ADAP,,,BC-10 a,,NEA_INFRA_NIVELLEMENT,
NEA_INFRA_GNIREP.116,ADAP,,,BC-10 b,,NEA_INFRA_NIVELLEMENT,
NEA_INFRA_GNIREP.15,ADAP,,,BC-11,,NEA_INFRA_NIVELLEMENT,
NEA_INFRA_GNIREP.117,ADAP,,,BC-12 a,,NEA_INFRA_NIVELLEMENT,
NEA_INFRA_GNIREP.16,ADAP,,,BC-13,,NEA_INFRA_NIVELLEMENT,
NEA_INFRA_GNIREP.17,ADAP,,,BC-14,,NEA_INFRA_NIVELLEMENT,
NEA_INFRA_GNIREP.18,ADAP,,,BC-15,,NEA_INFRA_NIVELLEMENT,
NEA_INFRA_GNIREP.19,ADAP,,,BC-16,,NEA_INFRA_NIVELLEMENT,
NEA_INFRA_GNIREP.20,ADAP,,,BC-17,,NEA_INFRA_NIVELLEMENT,
NEA_INFRA_GNIREP.21,ADAP,,,BC-18,,NEA_INFRA_NIVELLEMENT,
NEA_INFRA_GNIREP.22,ADAP,,,BC-19,,NEA_INFRA_NIVELLEMENT,
NEA_INFRA_GNIREP.109,OBS,73.855,,BC-2 bis,,NEA_INFRA_NIVELLEMENT,RCNC
NEA_INFRA_GNIREP.23,OBS,64.570,,BC-20,,NEA_INFRA_NIVELLEMENT,RCNC
NEA_INFRA_GNIREP.107,OBS,66.676,,BC-20 a,,NEA_INFRA_NIVELLEMENT,RCNC
NEA_INFRA_GNIREP.25,OBS,67.564,,BC-21 I,,NEA_INFRA_NIVELLEMENT,RCNC
NEA_INFRA_GNIREP.24,OBS,63.423,,BC-21 bis,,NEA_INFRA_NIVELLEMENT,RCNC
NEA_INFRA_GNIREP.26,OBS,65.901,,BC-22,,NEA_INFRA_NIVELLEMENT,RCNC
NEA_INFRA_GNIREP.27,ADAP,,,BC-23,,NEA_INFRA_NIVELLEMENT,
NEA_INFRA_GNIREP.138,OBS,,,BC-23I,,NEA_INFRA_NIVELLEMENT,
NEA_INFRA_GNIREP.108,OBS,69.535,,BC-24 bis,,NEA_INFRA_NIVELLEMENT,RCNC
NEA_INFRA_GNIREP.28,ADAP,,,BC-25,,NEA_INFRA_NIVELLEMENT,
NEA_INFRA_GNIREP.125,ADAP,,,BC-25 bis,,NEA_INFRA_NIVELLEMENT,
NEA_INFRA_GNIREP.29,OBS,62.99,,BC-26,,NEA_INFRA_NIVELLEMENT,RCNC
NEA_INFRA_GNIREP.31,ADAP,,,BC-27,,NEA_INFRA_NIVELLEMENT,
NEA_INFRA_GNIREP.30,ADAP,,,BC-27 a,,NEA_INFRA_NIVELLEMENT,
NEA_INFRA_GNIREP.32,OBS,62.456,,BC-28,,NEA_INFRA_NIVELLEMENT,RCNC
NEA_INFRA_GNIREP.33,OBS,62.193,,BC-29,,NEA_INFRA_NIVELLEMENT,RCNC
NEA_INFRA_GNIREP.5,OBS,62.109,,BC-3 bis,,NEA_INFRA_NIVELLEMENT,RCNC
NEA_INFRA_GNIREP.110,OBS,62.222,,BC-30,,NEA_INFRA_NIVELLEMENT,RCNC
NEA_INFRA_GNIREP.111,OBS,63.966,,BC-31,,NEA_INFRA_NIVELLEMENT,RCNC
NEA_INFRA_GNIREP.112,OBS,62.582,,BC-32,,NEA_INFRA_NIVELLEMENT,RCNC
NEA_INFRA_GNIREP.118,ADAP,,,BC-33,,NEA_INFRA_NIVELLEMENT,
NEA_INFRA_GNIREP.60,OBS,72.95,,BC-34,,NEA_INFRA_NIVELLEMENT,RCNC
NEA_INFRA_GNIREP.103,OBS,73.29,,BC-35,,NEA_INFRA_NIVELLEMENT,RCNC
NEA_INFRA_GNIREP.38,OBS,62.586,,BC-36,,NEA_INFRA_NIVELLEMENT,RCNC
NEA_INFRA_GNIREP.37,ADAP,,,BC-37,,NEA_INFRA_NIVELLEMENT,
NEA_INFRA_GNIREP.123,ADAP,,,BC-37 bis,,NEA_INFRA_NIVELLEMENT,
NEA_INFRA_GNIREP.39,OBS,62.29,,BC-38,,NEA_INFRA_NIVELLEMENT,RCNC
NEA_INFRA_GNIREP.40,OBS,62.46,,BC-39,,NEA_INFRA_NIVELLEMENT,RCNC
NEA_INFRA_GNIREP.6,OBS,63.186,,BC-4,,NEA_INFRA_NIVELLEMENT,RCNC
NEA_INFRA_GNIREP.41,OBS,64.84,,BC-40,,NEA_INFRA_NIVELLEMENT,RCNC
NEA_INFRA_GNIREP.7,OBS,63.426,,BC-5,,NEA_INFRA_NIVELLEMENT,RCNC
NEA_INFRA_GNIREP.8,ADAP,,,BC-6,,NEA_INFRA_NIVELLEMENT,
NEA_INFRA_GNIREP.10,OBS,63.191,,BC-7 I,,NEA_INFRA_NIVELLEMENT,RCNC
NEA_INFRA_GNIREP.9,OBS,62.183,,BC-7 bis,,NEA_INFRA_NIVELLEMENT,RCNC
NEA_INFRA_GNIREP.11,ADAP,,,BC-8,,NEA_INFRA_NIVELLEMENT,
NEA_INFRA_GNIREP.12,OBS,63.57,,BC-9,,NEA_INFRA_NIVELLEMENT,RCNC
NEA_INFRA_GNIREP.64,ADAP,,,Ba.m3-1,,NEA_INFRA_NIVELLEMENT,
NEA_INFRA_GNIREP.120,ADAP,,,Ba.m3-10 a,,NEA_INFRA_NIVELLEMENT,
NEA_INFRA_GNIREP.113,OBS,63.68,,Ba.m3-10 bis,,NEA_INFRA_NIVELLEMENT,RCNC
NEA_INFRA_GNIREP.74,ADAP,,,Ba.m3-11,,NEA_INFRA_NIVELLEMENT,
NEA_INFRA_GNIREP.114,OBS,65.13,,Ba.m3-11 bis,,NEA_INFRA_NIVELLEMENT,RCNC
NEA_INFRA_GNIREP.75,ADAP,,,Ba.m3-12,,NEA_INFRA_NIVELLEMENT,
NEA_INFRA_GNIREP.76,OBS,63.23,,Ba.m3-13,,NEA_INFRA_NIVELLEMENT,RCNC
NEA_INFRA_GNIREP.65,OBS,68.20,,Ba.m3-2,,NEA_INFRA_NIVELLEMENT,RCNC
NEA_INFRA_GNIREP.66,OBS,63.84,,Ba.m3-2 a bis,,NEA_INFRA_NIVELLEMENT,RCNC
NEA_INFRA_GNIREP.124,ADAP,,,Ba.m3-2 a ter,,NEA_INFRA_NIVELLEMENT,
NEA_INFRA_GNIREP.67,OBS,,,Ba.m3-2 b,,NEA_INFRA_NIVELLEMENT,
NEA_INFRA_GNIREP.68,ADAP,,,Ba.m3-3,,NEA_INFRA_NIVELLEMENT,
NEA_INFRA_GNIREP.69,ADAP,,,Ba.m3-4,,NEA_INFRA_NIVELLEMENT,
NEA_INFRA_GNIREP.102,ADAP,,,Ba.m3-5,,NEA_INFRA_NIVELLEMENT,
NEA_INFRA_GNIREP.70,ADAP,,,Ba.m3-6,,NEA_INFRA_NIVELLEMENT,
NEA_INFRA_GNIREP.71,ADAP,,,Ba.m3-7,,NEA_INFRA_NIVELLEMENT,
NEA_INFRA_GNIREP.72,ADAP,,,Ba.m3-8,,NEA_INFRA_NIVELLEMENT,
NEA_INFRA_GNIREP.115,OBS,74.95,,Ba.m3-8 a,,NEA_INFRA_NIVELLEMENT,RCNC
NEA_INFRA_GNIREP.73,ADAP,,,Ba.m3-9 I,,NEA_INFRA_NIVELLEMENT,
NEA_INFRA_GNIREP.119,ADAP,,,Ba.m3-9 a,,NEA_INFRA_NIVELLEMENT,
NEA_INFRA_GNIREP.42,ADAP,,,Ba.m3n3-1,,NEA_INFRA_NIVELLEMENT,
NEA_INFRA_GNIREP.43,OBS,63.750,,Ba.m3n3-1 bis,,NEA_INFRA_NIVELLEMENT,RCNC
NEA_INFRA_GNIREP.49,OBS,118.546,,Ba.m3n3-10 bis,,NEA_INFRA_NIVELLEMENT,RCNC
NEA_INFRA_GNIREP.50,ADAP,,,Ba.m3n3-11,,NEA_INFRA_NIVELLEMENT,
NEA_INFRA_GNIREP.51,OBS,62.338,,Ba.m3n3-12,,NEA_INFRA_NIVELLEMENT,RCNC
NEA_INFRA_GNIREP.52,OBS,77.509,,Ba.m3n3-13,,NEA_INFRA_NIVELLEMENT,RCNC
NEA_INFRA_GNIREP.53,ADAP,,,Ba.m3n3-14,,NEA_INFRA_NIVELLEMENT,
NEA_INFRA_GNIREP.54,GRA,,,Ba.m3n3-15,,NEA_INFRA_NIVELLEMENT,
NEA_INFRA_GNIREP.121,ADAP,,,Ba.m3n3-15 bis,,NEA_INFRA_NIVELLEMENT,
NEA_INFRA_GNIREP.44,ADAP,,,Ba.m3n3-2,,NEA_INFRA_NIVELLEMENT,
NEA_INFRA_GNIREP.45,ADAP,,,Ba.m3n3-3,,NEA_INFRA_NIVELLEMENT,
NEA_INFRA_GNIREP.129,ADAP,,,Ba.m3n3-3 bis,,NEA_INFRA_NIVELLEMENT,
NEA_INFRA_GNIREP.104,ADAP,,,Ba.m3n3-4,,NEA_INFRA_NIVELLEMENT,
NEA_INFRA_GNIREP.130,ADAP,,,Ba.m3n3-4 bis,,NEA_INFRA_NIVELLEMENT,
NEA_INFRA_GNIREP.105,ADAP,,,Ba.m3n3-6,,NEA_INFRA_NIVELLEMENT,
NEA_INFRA_GNIREP.46,ADAP,,,Ba.m3n3-7,,NEA_INFRA_NIVELLEMENT,
NEA_INFRA_GNIREP.47,OBS,70.325,,Ba.m3n3-8,,NEA_INFRA_NIVELLEMENT,RCNC
NEA_INFRA_GNIREP.48,OBS,65.600,,Ba.m3n3-9,,NEA_INFRA_NIVELLEMENT,RCNC
NEA_INFRA_GNIREP.77,OBS,64.23,,Ba.n3-1,,NEA_INFRA_NIVELLEMENT,RCNC
NEA_INFRA_GNIREP.126,ADAP,,,Ba.n3-1 bis,,NEA_INFRA_NIVELLEMENT,
NEA_INFRA_GNIREP.78,OBS,66.772,,Ba.n3-2,,NEA_INFRA_NIVELLEMENT,RCNC
NEA_INFRA_GNIREP.79,OBS,67.85,,Ba.n3-2 bis,,NEA_INFRA_NIVELLEMENT,RCNC
NEA_INFRA_GNIREP.80,ADAP,,,Ba.n3-3,,NEA_INFRA_NIVELLEMENT,
NEA_INFRA_GNIREP.106,ADAP,,,Ba.n3-8,,NEA_INFRA_NIVELLEMENT,
NEA_INFRA_GNIREP.81,ADAP,,,Ba.n3-9,,NEA_INFRA_NIVELLEMENT,
NEA_INFRA_GNIREP.61,ADAP,,,C.cd-1 bis,,NEA_INFRA_NIVELLEMENT,
NEA_INFRA_GNIREP.36,ADAP,,,C.cd-10,,NEA_INFRA_NIVELLEMENT,
NEA_INFRA_GNIREP.101,ADAP,,,C.cd-12,,NEA_INFRA_NIVELLEMENT,
NEA_INFRA_GNIREP.57,ADAP,,,C.cd-15,,NEA_INFRA_NIVELLEMENT,
NEA_INFRA_GNIREP.58,OBS,71.53,,C.cd-16,,NEA_INFRA_NIVELLEMENT,RCNC
NEA_INFRA_GNIREP.59,ADAP,,,C.cd-17,,NEA_INFRA_NIVELLEMENT,
NEA_INFRA_GNIREP.63,ADAP,,,C.cd-18,,NEA_INFRA_NIVELLEMENT,
NEA_INFRA_GNIREP.62,ADAP,,,C.cd-19,,NEA_INFRA_NIVELLEMENT,
NEA_INFRA_GNIREP.128,OBS,108.541,,C.cd-20,,NEA_INFRA_NIVELLEMENT,RCNC
NEA_INFRA_GNIREP.100,OBS,81.02,,C.cd-21,,NEA_INFRA_NIVELLEMENT,RCNC
NEA_INFRA_GNIREP.99,ADAP,,,C.cd-22,,NEA_INFRA_NIVELLEMENT,
NEA_INFRA_GNIREP.98,ADAP,,,C.cd-23,,NEA_INFRA_NIVELLEMENT,
NEA_INFRA_GNIREP.122,ADAP,,,C.cd-24,,NEA_INFRA_NIVELLEMENT,
NEA_INFRA_GNIREP.55,ADAP,,,C.cd-25,,NEA_INFRA_NIVELLEMENT,
NEA_INFRA_GNIREP.56,ADAP,,,C.cd-26,,NEA_INFRA_NIVELLEMENT,
NEA_INFRA_GNIREP.85,ADAP,,,C.cd-27,,NEA_INFRA_NIVELLEMENT,
NEA_INFRA_GNIREP.86,OBS,86.98,,C.cd-28,,NEA_INFRA_NIVELLEMENT,RCNC
NEA_INFRA_GNIREP.87,ADAP,,,C.cd-29,,NEA_INFRA_NIVELLEMENT,
NEA_INFRA_GNIREP.82,ADAP,,,C.cd-3,,NEA_INFRA_NIVELLEMENT,
NEA_INFRA_GNIREP.83,ADAP,,,C.cd-3 bis,,NEA_INFRA_NIVELLEMENT,
NEA_INFRA_GNIREP.88,ADAP,,,C.cd-30,,NEA_INFRA_NIVELLEMENT,
NEA_INFRA_GNIREP.89,ADAP,,,C.cd-31,,NEA_INFRA_NIVELLEMENT,
NEA_INFRA_GNIREP.90,ADAP,,,C.cd-32,,NEA_INFRA_NIVELLEMENT,
NEA_INFRA_GNIREP.91,ADAP,,,C.cd-33,,NEA_INFRA_NIVELLEMENT,
NEA_INFRA_GNIREP.92,ADAP,,,C.cd-34,,NEA_INFRA_NIVELLEMENT,
NEA_INFRA_GNIREP.84,ADAP,,,C.cd-4,,NEA_INFRA_NIVELLEMENT,
NEA_INFRA_GNIREP.34,ADAP,,,C.cd-8,,NEA_INFRA_NIVELLEMENT,
NEA_INFRA_GNIREP.35,ADAP,,,C.cd-9,,NEA_INFRA_NIVELLEMENT,
NEA_INFRA_GNIREP.131,OBS,,,Cc.l3m3-1,,NEA_INFRA_NIVELLEMENT,
NEA_INFRA_GNIREP.132,OBS,,,Cc.l3m3-2,,NEA_INFRA_NIVELLEMENT,
NEA_INFRA_GNIREP.133,OBS,,,Cc.l3m3-3,,NEA_INFRA_NIVELLEMENT,
NEA_INFRA_GNIREP.134,OBS,,,Cc.l3m3-4,,NEA_INFRA_NIVELLEMENT,
NEA_INFRA_GNIREP.135,OBS,,,Cc.l3m3-5,,NEA_INFRA_NIVELLEMENT,
NEA_INFRA_GNIREP.136,OBS,,,Cc.l3m3-6,,NEA_INFRA_NIVELLEMENT,
NEA_INFRA_GNIREP.137,OBS,,,Cc.l3m3-7,,NEA_INFRA_NIVELLEMENT,
NEA_INFRA_GNIREP.93,ADAP,,,Cd.l3-1,,NEA_INFRA_NIVELLEMENT,
NEA_INFRA_GNIREP.94,ADAP,,,Cd.l3-2,,NEA_INFRA_NIVELLEMENT,
NEA_INFRA_GNIREP.95,ADAP,,,Cd.l3-2 bis,,NEA_INFRA_NIVELLEMENT,
NEA_INFRA_GNIREP.96,ADAP,,,Cd.l3-3,,NEA_INFRA_NIVELLEMENT,
NEA_INFRA_GNIREP.97,ADAP,,,Cd.l3-4,,NEA_INFRA_NIVELLEMENT,
PTA_INFRA_GNIREP.32,OBS,72.16,,A'B'-29,,PTA_INFRA_NIVELLEMENT,RCNC
PTA_INFRA_GNIREP.33,OBS,68.04,,A'B'-30,,PTA_INFRA_NIVELLEMENT,RCNC
PTA_INFRA_GNIREP.66,GRA,,,A'B'-30 a,,PTA_INFRA_NIVELLEMENT,
PTA_INFRA_GNIREP.34,GRA,,,A'B'-31,,PTA_INFRA_NIVELLEMENT,
PTA_INFRA_GNIREP.35,GRA,,,A'B'-32,,PTA_INFRA_NIVELLEMENT,
PTA_INFRA_GNIREP.36,OBS,64.40,,A'B'-32 bis,,PTA_INFRA_NIVELLEMENT,RCNC
PTA_INFRA_GNIREP.37,,68.32,,A'B'-33,,PTA_INFRA_NIVELLEMENT,
PTA_INFRA_GNIREP.53,GRA,,,A'B'-33 bis,,PTA_INFRA_NIVELLEMENT,
PTA_INFRA_GNIREP.38,OBS,75.59,,A'B'-34,,PTA_INFRA_NIVELLEMENT,RCNC
PTA_INFRA_GNIREP.54,GRA,,,A'B'-34 I,,PTA_INFRA_NIVELLEMENT,
PTA_INFRA_GNIREP.39,,63.13,,A'B'-35,,PTA_INFRA_NIVELLEMENT,
PTA_INFRA_GNIREP.55,GRA,,,A'B'-35 bis,,PTA_INFRA_NIVELLEMENT,
PTA_INFRA_GNIREP.40,OBS,66.08,,A'B'-36,,PTA_INFRA_NIVELLEMENT,RCNC
PTA_INFRA_GNIREP.41,OBS,69.29,,A'B'-37,,PTA_INFRA_NIVELLEMENT,RCNC
PTA_INFRA_GNIREP.1,OBS,168.99,,AB-34,,PTA_INFRA_NIVELLEMENT,RCNC
PTA_INFRA_GNIREP.2,GRA,,,AB-35,,PTA_INFRA_NIVELLEMENT,
PTA_INFRA_GNIREP.3,GRA,,,AB-36,,PTA_INFRA_NIVELLEMENT,
PTA_INFRA_GNIREP.4,GRA,,,AB-37,,PTA_INFRA_NIVELLEMENT,
PTA_INFRA_GNIREP.5,GRA,,,AB-38,,PTA_INFRA_NIVELLEMENT,
PTA_INFRA_GNIREP.6,OBS,86.61,,AB-39,,PTA_INFRA_NIVELLEMENT,RCNC
PTA_INFRA_GNIREP.7,OBS,84.55,,AB-40,,PTA_INFRA_NIVELLEMENT,RCNC
PTA_INFRA_GNIREP.8,OBS,80.41,,AB-40 a,,PTA_INFRA_NIVELLEMENT,RCNC
PTA_INFRA_GNIREP.9,GRA,,,AB-41,,PTA_INFRA_NIVELLEMENT,
PTA_INFRA_GNIREP.10,GRA,,,AB-42,,PTA_INFRA_NIVELLEMENT,
PTA_INFRA_GNIREP.67,GRA,,,AB-42 bis,,PTA_INFRA_NIVELLEMENT,
PTA_INFRA_GNIREP.11,ADAP,,,AB-43,,PTA_INFRA_NIVELLEMENT,
PTA_INFRA_GNIREP.12,GRA,,,AB-44,,PTA_INFRA_NIVELLEMENT,
PTA_INFRA_GNIREP.13,GRA,,,AB-45,,PTA_INFRA_NIVELLEMENT,
PTA_INFRA_GNIREP.14,GRA,,,AB-46,,PTA_INFRA_NIVELLEMENT,
PTA_INFRA_GNIREP.15,,68.192,,AB-47,,PTA_INFRA_NIVELLEMENT,
PTA_INFRA_GNIREP.44,GRA,,,AB-47 bis,,PTA_INFRA_NIVELLEMENT,
PTA_INFRA_GNIREP.45,GRA,,,AB-48 bis,,PTA_INFRA_NIVELLEMENT,
PTA_INFRA_GNIREP.16,GRA,,,AB-49,,PTA_INFRA_NIVELLEMENT,
PTA_INFRA_GNIREP.46,OBS,140.51,,AB-49 a,,PTA_INFRA_NIVELLEMENT,RCNC
PTA_INFRA_GNIREP.17,,170.803,,AB-50,,PTA_INFRA_NIVELLEMENT,
PTA_INFRA_GNIREP.61,GRA,,,AB-50 bis,,PTA_INFRA_NIVELLEMENT,
PTA_INFRA_GNIREP.18,,226.737,,AB-51,,PTA_INFRA_NIVELLEMENT,
PTA_INFRA_GNIREP.62,GRA,,,AB-51 bis,,PTA_INFRA_NIVELLEMENT,
PTA_INFRA_GNIREP.47,GRA,,,AB-52 bis,,PTA_INFRA_NIVELLEMENT,
PTA_INFRA_GNIREP.19,,120.011,,AB-53,,PTA_INFRA_NIVELLEMENT,
PTA_INFRA_GNIREP.48,GRA,,,AB-53 bis,,PTA_INFRA_NIVELLEMENT,
PTA_INFRA_GNIREP.20,OBS,113.91,,AB-54,,PTA_INFRA_NIVELLEMENT,RCNC
PTA_INFRA_GNIREP.49,GRA,,,AB-55 bis,,PTA_INFRA_NIVELLEMENT,
PTA_INFRA_GNIREP.21,OBS,103.79,,AB-56,,PTA_INFRA_NIVELLEMENT,RCNC
PTA_INFRA_GNIREP.22,GRA,,,AB-57,,PTA_INFRA_NIVELLEMENT,
PTA_INFRA_GNIREP.23,,91.394,,AB-58,,PTA_INFRA_NIVELLEMENT,
PTA_INFRA_GNIREP.68,GRA,,,AB-58 bis,,PTA_INFRA_NIVELLEMENT,
PTA_INFRA_GNIREP.24,OBS,80.12,,AB-59,,PTA_INFRA_NIVELLEMENT,RCNC
PTA_INFRA_GNIREP.69,GRA,,,AB-59 bis,,PTA_INFRA_NIVELLEMENT,
PTA_INFRA_GNIREP.25,,83.906,,AB-60,,PTA_INFRA_NIVELLEMENT,
PTA_INFRA_GNIREP.70,,,,AB-60 bis,,PTA_INFRA_NIVELLEMENT,
PTA_INFRA_GNIREP.26,,,,AB-61,,PTA_INFRA_NIVELLEMENT,
PTA_INFRA_GNIREP.71,GRA,,,AB-61 bis,,PTA_INFRA_NIVELLEMENT,
PTA_INFRA_GNIREP.27,,,,AB-62,,PTA_INFRA_NIVELLEMENT,
PTA_INFRA_GNIREP.72,GRA,,,AB-62 bis,,PTA_INFRA_NIVELLEMENT,
PTA_INFRA_GNIREP.28,ADAP,,,AB-63 bis,,PTA_INFRA_NIVELLEMENT,
PTA_INFRA_GNIREP.29,ADAP,,,AB-64,,PTA_INFRA_NIVELLEMENT,
PTA_INFRA_GNIREP.30,,78.151,,AB-65,,PTA_INFRA_NIVELLEMENT,
PTA_INFRA_GNIREP.50,GRA,,,AB-65 bis,,PTA_INFRA_NIVELLEMENT,
PTA_INFRA_GNIREP.31,OBS,70.10,,AB-66,,PTA_INFRA_NIVELLEMENT,RCNC
PTA_INFRA_GNIREP.51,OBS,65.98,,AB-67,,PTA_INFRA_NIVELLEMENT,RCNC
PTA_INFRA_GNIREP.52,GRA,,,AB-68 bis,,PTA_INFRA_NIVELLEMENT,
PTA_INFRA_GNIREP.56,GRA,,,Aa.l3o3-11 II,,PTA_INFRA_NIVELLEMENT,
PTA_INFRA_GNIREP.57,GRA,,,Aa.l3o3-12 I,,PTA_INFRA_NIVELLEMENT,
PTA_INFRA_GNIREP.58,GRA,,,Aa.l3o3-12 II,,PTA_INFRA_NIVELLEMENT,
PTA_INFRA_GNIREP.59,GRA,,,Aa.l3o3-13 I,,PTA_INFRA_NIVELLEMENT,
PTA_INFRA_GNIREP.60,GRA,,,Aa.l3o3-15 II,,PTA_INFRA_NIVELLEMENT,
PTA_INFRA_GNIREP.64,GRA,,,B.c-1,,PTA_INFRA_NIVELLEMENT,
PTA_INFRA_GNIREP.42,ADAP,,,B.c-2,,PTA_INFRA_NIVELLEMENT,
PTA_INFRA_GNIREP.65,GRA,,,B.c-3 ter,,PTA_INFRA_NIVELLEMENT,
PTA_INFRA_GNIREP.43,ADAP,,,B.c-4 bis,,PTA_INFRA_NIVELLEMENT,
PTA_INFRA_GNIREP.63,GRA,,,B.c-5,,PTA_INFRA_NIVELLEMENT,
PTA_INFRA_GNIREP.73,GRA,,,Bb-1,,PTA_INFRA_NIVELLEMENT,
PTA_INFRA_GNIREP.74,ADAP,,,Bb-2,,PTA_INFRA_NIVELLEMENT,
PTA_INFRA_GNIREP.75,GRA,,,Bb-3,,PTA_INFRA_NIVELLEMENT,
PTA_INFRA_GNIREP.76,ADAP,,,Bb-4,,PTA_INFRA_NIVELLEMENT,
PTA_INFRA_GNIREP.77,GRA,,,Bb-5,,PTA_INFRA_NIVELLEMENT,
TIO_INFRA_GNIREP.41,OBS,138.909,,A'D'-133,,TIO_INFRA_NIVELLEMENT,
TIO_INFRA_GNIREP.42,OBS,102.044,,A'D'-134,,TIO_INFRA_NIVELLEMENT,RCNC
TIO_INFRA_GNIREP.43,OBS,91.02,,A'D'-135,,TIO_INFRA_NIVELLEMENT,RCNC
TIO_INFRA_GNIREP.44,OBS,109.584,,A'D'-136,,TIO_INFRA_NIVELLEMENT,RCNC
TIO_INFRA_GNIREP.83,GRA,,,A.ab-10,,TIO_INFRA_NIVELLEMENT,
TIO_INFRA_GNIREP.20,OBS,283.19,,A.ab-11,,TIO_INFRA_NIVELLEMENT,RCNC
TIO_INFRA_GNIREP.21,GRA,,,A.ab-12,,TIO_INFRA_NIVELLEMENT,
TIO_INFRA_GNIREP.22,GRA,,,A.ab-13,,TIO_INFRA_NIVELLEMENT,
TIO_INFRA_GNIREP.105,GRA,,,A.ab-13 I,,TIO_INFRA_NIVELLEMENT,
TIO_INFRA_GNIREP.23,OBS,185.00,,A.ab-15 bis,,TIO_INFRA_NIVELLEMENT,RCNC
TIO_INFRA_GNIREP.104,GRA,,,A.ab-15 bis I,,TIO_INFRA_NIVELLEMENT,
TIO_INFRA_GNIREP.103,GRA,,,A.ab-17 I,,TIO_INFRA_NIVELLEMENT,
TIO_INFRA_GNIREP.25,GRA,,,A.ab-18,,TIO_INFRA_NIVELLEMENT,
TIO_INFRA_GNIREP.84,GRA,,,A.ab-19 bis,,TIO_INFRA_NIVELLEMENT,
TIO_INFRA_GNIREP.26,OBS,164.10,,A.ab-20,,TIO_INFRA_NIVELLEMENT,RCNC
TIO_INFRA_GNIREP.85,ADAP,208.59,,A.ab-21 a,,TIO_INFRA_NIVELLEMENT,RCNC
TIO_INFRA_GNIREP.39,GRA,,,A.ab-21 bis,,TIO_INFRA_NIVELLEMENT,
TIO_INFRA_GNIREP.86,OBS,185.91,,A.ab-23 a,,TIO_INFRA_NIVELLEMENT,RCNC
TIO_INFRA_GNIREP.87,ADAP,,,A.ab-24 a,,TIO_INFRA_NIVELLEMENT,
TIO_INFRA_GNIREP.102,GRA,,,A.ab-25a bis,,TIO_INFRA_NIVELLEMENT,
TIO_INFRA_GNIREP.27,OBS,103.79,,A.ab-26,,TIO_INFRA_NIVELLEMENT,RCNC
TIO_INFRA_GNIREP.88,ADAP,,,A.ab-27 I,,TIO_INFRA_NIVELLEMENT,
TIO_INFRA_GNIREP.40,OBS,102.41,,A.ab-27 bis,,TIO_INFRA_NIVELLEMENT,RCNC
TIO_INFRA_GNIREP.28,ADAP,,,A.ab-28,,TIO_INFRA_NIVELLEMENT,
TIO_INFRA_GNIREP.29,OBS,85.23,,A.ab-29,,TIO_INFRA_NIVELLEMENT,RCNC
TIO_INFRA_GNIREP.101,GRA,,,A.ab-30 ter,,TIO_INFRA_NIVELLEMENT,
TIO_INFRA_GNIREP.30,OBS,76.78,,A.ab-31,,TIO_INFRA_NIVELLEMENT,RCNC
TIO_INFRA_GNIREP.31,OBS,76.83,,A.ab-32,,TIO_INFRA_NIVELLEMENT,RCNC
TIO_INFRA_GNIREP.100,GRA,,,A.ab-33 bis,,TIO_INFRA_NIVELLEMENT,
TIO_INFRA_GNIREP.90,OBS,72.65,,A.ab-34 bis,,TIO_INFRA_NIVELLEMENT,RCNC
TIO_INFRA_GNIREP.32,OBS,71.585,,A.ab-35,,TIO_INFRA_NIVELLEMENT,RCNC
TIO_INFRA_GNIREP.33,ADAP,,,A.ab-36,,TIO_INFRA_NIVELLEMENT,
TIO_INFRA_GNIREP.34,ADAP,,,A.ab-37,,TIO_INFRA_NIVELLEMENT,
TIO_INFRA_GNIREP.106,GRA,,,A.ab-9 bis,,TIO_INFRA_NIVELLEMENT,
TIO_INFRA_GNIREP.45,ADAP,,,AD-100,,TIO_INFRA_NIVELLEMENT,
TIO_INFRA_GNIREP.46,ADAP,,,AD-101,,TIO_INFRA_NIVELLEMENT,
TIO_INFRA_GNIREP.93,OBS,63.772,,AD-101 a,,TIO_INFRA_NIVELLEMENT,
TIO_INFRA_GNIREP.47,ADAP,,,AD-102,,TIO_INFRA_NIVELLEMENT,
TIO_INFRA_GNIREP.49,ADAP,,,AD-103,,TIO_INFRA_NIVELLEMENT,
TIO_INFRA_GNIREP.48,OBS,75.24,,AD-103 I,,TIO_INFRA_NIVELLEMENT,RCNC
TIO_INFRA_GNIREP.50,OBS,70.78,,AD-104,,TIO_INFRA_NIVELLEMENT,RCNC
TIO_INFRA_GNIREP.51,OBS,70.916,,AD-105,,TIO_INFRA_NIVELLEMENT,RCNC
TIO_INFRA_GNIREP.52,OBS,73.856,,AD-106,,TIO_INFRA_NIVELLEMENT,RCNC
TIO_INFRA_GNIREP.53,OBS,171.476,,AD-107,,TIO_INFRA_NIVELLEMENT,RCNC
TIO_INFRA_GNIREP.54,OBS,156.115,,AD-108,,TIO_INFRA_NIVELLEMENT,RCNC
TIO_INFRA_GNIREP.55,OBS,105.726,,AD-109,,TIO_INFRA_NIVELLEMENT,RCNC
TIO_INFRA_GNIREP.56,OBS,64.308,,AD-110,,TIO_INFRA_NIVELLEMENT,RCNC
TIO_INFRA_GNIREP.94,OBS,64.133,,AD-110 bis,,TIO_INFRA_NIVELLEMENT,
TIO_INFRA_GNIREP.95,OBS,63.585,,AD-111,,TIO_INFRA_NIVELLEMENT,
TIO_INFRA_GNIREP.57,ADAP,,,AD-112,,TIO_INFRA_NIVELLEMENT,
TIO_INFRA_GNIREP.58,OBS,64.085,,AD-114,,TIO_INFRA_NIVELLEMENT,RCNC
TIO_INFRA_GNIREP.59,OBS,67.517,,AD-116,,TIO_INFRA_NIVELLEMENT,RCNC
TIO_INFRA_GNIREP.60,OBS,69.328,,AD-117,,TIO_INFRA_NIVELLEMENT,RCNC
TIO_INFRA_GNIREP.61,OBS,90.419,,AD-119,,TIO_INFRA_NIVELLEMENT,RCNC
TIO_INFRA_GNIREP.62,OBS,88.696,,AD-120,,TIO_INFRA_NIVELLEMENT,RCNC
TIO_INFRA_GNIREP.63,OBS,64.737,,AD-121,,TIO_INFRA_NIVELLEMENT,RCNC
TIO_INFRA_GNIREP.96,GRA,,,AD-122,,TIO_INFRA_NIVELLEMENT,
TIO_INFRA_GNIREP.64,OBS,65.074,,AD-123,,TIO_INFRA_NIVELLEMENT,RCNC
TIO_INFRA_GNIREP.65,OBS,105.199,,AD-124,,TIO_INFRA_NIVELLEMENT,RCNC
TIO_INFRA_GNIREP.66,OBS,99.062,,AD-125,,TIO_INFRA_NIVELLEMENT,RCNC
TIO_INFRA_GNIREP.67,ADAP,,,AD-126,,TIO_INFRA_NIVELLEMENT,
TIO_INFRA_GNIREP.68,OBS,65.861,,AD-127 bis,,TIO_INFRA_NIVELLEMENT,RCNC
TIO_INFRA_GNIREP.69,OBS,67.88,,AD-128 bis,,TIO_INFRA_NIVELLEMENT,RCNC
TIO_INFRA_GNIREP.70,OBS,66.277,,AD-129 bis,,TIO_INFRA_NIVELLEMENT,RCNC
TIO_INFRA_GNIREP.71,ADAP,,,AD-130 bis,,TIO_INFRA_NIVELLEMENT,
TIO_INFRA_GNIREP.72,OBS,96.376,,AD-132 bis,,TIO_INFRA_NIVELLEMENT,RCNC
TIO_INFRA_GNIREP.2,OBS,93.311,,AD-133,,TIO_INFRA_NIVELLEMENT,RCNC
TIO_INFRA_GNIREP.3,OBS,69.837,,AD-134,,TIO_INFRA_NIVELLEMENT,RCNC
TIO_INFRA_GNIREP.4,OBS,67.735,,AD-135,,TIO_INFRA_NIVELLEMENT,RCNC
TIO_INFRA_GNIREP.5,OBS,152.735,,AD-137,,TIO_INFRA_NIVELLEMENT,RCNC
TIO_INFRA_GNIREP.74,OBS,78.116,,AD-138 a,,TIO_INFRA_NIVELLEMENT,RCNC
TIO_INFRA_GNIREP.73,OBS,140.341,,AD-138 bis,,TIO_INFRA_NIVELLEMENT,RCNC
TIO_INFRA_GNIREP.6,OBS,99.261,,AD-139,,TIO_INFRA_NIVELLEMENT,RCNC
TIO_INFRA_GNIREP.75,OBS,70.697,,AD-140 bis,,TIO_INFRA_NIVELLEMENT,RCNC
TIO_INFRA_GNIREP.76,OBS,72.333,,AD-141 bis,,TIO_INFRA_NIVELLEMENT,RCNC
TIO_INFRA_GNIREP.77,OBS,65.266,,AD-142 ter,,TIO_INFRA_NIVELLEMENT,RCNC
TIO_INFRA_GNIREP.79,OBS,65.113,,AD-143 a,,TIO_INFRA_NIVELLEMENT,RCNC
TIO_INFRA_GNIREP.78,ADAP,,,AD-143 bis,,TIO_INFRA_NIVELLEMENT,
TIO_INFRA_GNIREP.80,ADAP,,,AD-144 bis,,TIO_INFRA_NIVELLEMENT,
TIO_INFRA_GNIREP.97,OBS,68.473,,AD-145,,TIO_INFRA_NIVELLEMENT,
TIO_INFRA_GNIREP.81,ADAP,,,AD-145 I,,TIO_INFRA_NIVELLEMENT,
TIO_INFRA_GNIREP.7,ADAP,,,AD-146 bis,,TIO_INFRA_NIVELLEMENT,
TIO_INFRA_GNIREP.91,ADAP,,,AD-148 bis,,TIO_INFRA_NIVELLEMENT,
TIO_INFRA_GNIREP.98,OBS,64.22,,AD-149,,TIO_INFRA_NIVELLEMENT,
TIO_INFRA_GNIREP.8,OBS,64.72,,AD-149 bis,,TIO_INFRA_NIVELLEMENT,RCNC
TIO_INFRA_GNIREP.9,ADAP,,,AD-150,,TIO_INFRA_NIVELLEMENT,
TIO_INFRA_GNIREP.82,ADAP,,,AD-150 bis,,TIO_INFRA_NIVELLEMENT,
TIO_INFRA_GNIREP.10,ADAP,,,AD-151,,TIO_INFRA_NIVELLEMENT,
TIO_INFRA_GNIREP.35,OBS,64.738,,AD-152,,TIO_INFRA_NIVELLEMENT,RCNC
TIO_INFRA_GNIREP.11,ADAP,,,AD-153,,TIO_INFRA_NIVELLEMENT,
TIO_INFRA_GNIREP.12,OBS,66.488,,AD-154,,TIO_INFRA_NIVELLEMENT,RCNC
TIO_INFRA_GNIREP.36,OBS,69.403,,AD-154 a,,TIO_INFRA_NIVELLEMENT,RCNC
TIO_INFRA_GNIREP.13,OBS,70.876,,AD-155,,TIO_INFRA_NIVELLEMENT,RCNC
TIO_INFRA_GNIREP.37,OBS,73.25,,AD-155 a,,TIO_INFRA_NIVELLEMENT,RCNC
TIO_INFRA_GNIREP.14,ADAP,,,AD-156,,TIO_INFRA_NIVELLEMENT,
TIO_INFRA_GNIREP.15,OBS,112.766,,AD-157,,TIO_INFRA_NIVELLEMENT,RCNC
TIO_INFRA_GNIREP.16,OBS,138.13,,AD-158,,TIO_INFRA_NIVELLEMENT,RCNC
TIO_INFRA_GNIREP.17,ADAP,,,AD-160,,TIO_INFRA_NIVELLEMENT,
TIO_INFRA_GNIREP.18,ADAP,,,AD-161,,TIO_INFRA_NIVELLEMENT,
TIO_INFRA_GNIREP.99,OBS,360.476,,AD-162,,TIO_INFRA_NIVELLEMENT,
TIO_INFRA_GNIREP.38,ADAP,,,AD-163 bis,,TIO_INFRA_NIVELLEMENT,
TIO_INFRA_GNIREP.19,OBS,455.047,,AD-164,,TIO_INFRA_NIVELLEMENT,RCNC
TIO_INFRA_GNIREP.92,ADAP,,,AD-165 bis,,TIO_INFRA_NIVELLEMENT,
YTE_INFRA_GNIREP.41,OBS,239.78,,A'C'-55,,YTE_INFRA_NIVELLEMENT,RCNC
YTE_INFRA_GNIREP.42,OBS,224.20,,A'C'-59,,YTE_INFRA_NIVELLEMENT,RCNC
YTE_INFRA_GNIREP.43,OBS,243.84,,A'C'-60,,YTE_INFRA_NIVELLEMENT,RCNC
YTE_INFRA_GNIREP.44,OBS,259.672,,A'C'-61,,YTE_INFRA_NIVELLEMENT,RCNC
YTE_INFRA_GNIREP.45,OBS,228.26,,A'C'-62,,YTE_INFRA_NIVELLEMENT,RCNC
YTE_INFRA_GNIREP.46,OBS,233.30,,A'C'-63,,YTE_INFRA_NIVELLEMENT,RCNC
YTE_INFRA_GNIREP.47,OBS,229.43,,A'C'-64,,YTE_INFRA_NIVELLEMENT,RCNC
YTE_INFRA_GNIREP.48,OBS,233.98,,A'C'-65,,YTE_INFRA_NIVELLEMENT,RCNC
YTE_INFRA_GNIREP.49,OBS,226.90,,A'C'-66,,YTE_INFRA_NIVELLEMENT,RCNC
YTE_INFRA_GNIREP.50,OBS,230.53,,A'C'-67,,YTE_INFRA_NIVELLEMENT,RCNC
YTE_INFRA_GNIREP.82,GRA,,,A'C'-68,,YTE_INFRA_NIVELLEMENT,
YTE_INFRA_GNIREP.83,GRA,,,A'C'-69,,YTE_INFRA_NIVELLEMENT,
YTE_INFRA_GNIREP.87,GRA,,,A'C'-74,,YTE_INFRA_NIVELLEMENT,
YTE_INFRA_GNIREP.88,GRA,,,A'C'-75,,YTE_INFRA_NIVELLEMENT,
YTE_INFRA_GNIREP.89,GRA,,,A'C'-76,,YTE_INFRA_NIVELLEMENT,
YTE_INFRA_GNIREP.90,GRA,,,A'C'-76 I,,YTE_INFRA_NIVELLEMENT,
YTE_INFRA_GNIREP.51,ADAP,,,A'C'-77,,YTE_INFRA_NIVELLEMENT,
YTE_INFRA_GNIREP.91,GRA,,,A'C'-78,,YTE_INFRA_NIVELLEMENT,
YTE_INFRA_GNIREP.94,GRA,,,A'C'-80,,YTE_INFRA_NIVELLEMENT,
YTE_INFRA_GNIREP.95,GRA,,,A'C'-81,,YTE_INFRA_NIVELLEMENT,
YTE_INFRA_GNIREP.96,GRA,,,A'C'-82,,YTE_INFRA_NIVELLEMENT,
YTE_INFRA_GNIREP.98,GRA,,,A'C'-83,,YTE_INFRA_NIVELLEMENT,
YTE_INFRA_GNIREP.99,GRA,,,A'C'-84,,YTE_INFRA_NIVELLEMENT,
YTE_INFRA_GNIREP.100,GRA,,,A'C'-85,,YTE_INFRA_NIVELLEMENT,
YTE_INFRA_GNIREP.101,GRA,,,A'C'-86,,YTE_INFRA_NIVELLEMENT,
YTE_INFRA_GNIREP.102,GRA,,,A'C'-87,,YTE_INFRA_NIVELLEMENT,
YTE_INFRA_GNIREP.103,GRA,,,A'C'-87 I,,YTE_INFRA_NIVELLEMENT,
YTE_INFRA_GNIREP.104,GRA,,,A'C'-88,,YTE_INFRA_NIVELLEMENT,
YTE_INFRA_GNIREP.52,OBS,64.9474,,A'C'-89,,YTE_INFRA_NIVELLEMENT,RCNC
YTE_INFRA_GNIREP.71,OBS,229.54,,AC-43 bis,,YTE_INFRA_NIVELLEMENT,RCNC
YTE_INFRA_GNIREP.72,OBS,229.93,,AC-44,,YTE_INFRA_NIVELLEMENT,RCNC
YTE_INFRA_GNIREP.16,OBS,228.66,,AC-45,,YTE_INFRA_NIVELLEMENT,RCNC
YTE_INFRA_GNIREP.73,OBS,224.70,,AC-46 bis,,YTE_INFRA_NIVELLEMENT,RCNC
YTE_INFRA_GNIREP.74,OBS,248.80,,AC-47,,YTE_INFRA_NIVELLEMENT,RCNC
YTE_INFRA_GNIREP.75,OBS,232.20,,AC-48,,YTE_INFRA_NIVELLEMENT,RCNC
YTE_INFRA_GNIREP.76,OBS,231.57,,AC-49,,YTE_INFRA_NIVELLEMENT,RCNC
YTE_INFRA_GNIREP.77,OBS,229.69,,AC-50 a,,YTE_INFRA_NIVELLEMENT,RCNC
YTE_INFRA_GNIREP.78,OBS,273.59,,AC-50 bis,,YTE_INFRA_NIVELLEMENT,RCNC
YTE_INFRA_GNIREP.17,OBS,225.41,,AC-52,,YTE_INFRA_NIVELLEMENT,RCNC
YTE_INFRA_GNIREP.18,OBS,224.64,,AC-52 a,,YTE_INFRA_NIVELLEMENT,RCNC
YTE_INFRA_GNIREP.19,OBS,223.22,,AC-53 a,,YTE_INFRA_NIVELLEMENT,RCNC
YTE_INFRA_GNIREP.20,OBS,223.23,,AC-53 bis,,YTE_INFRA_NIVELLEMENT,RCNC
YTE_INFRA_GNIREP.21,OBS,228.98,,AC-54,,YTE_INFRA_NIVELLEMENT,RCNC
YTE_INFRA_GNIREP.22,OBS,230.45,,AC-54 a,,YTE_INFRA_NIVELLEMENT,RCNC
YTE_INFRA_GNIREP.23,OBS,223.52,,AC-56 bis,,YTE_INFRA_NIVELLEMENT,RCNC
YTE_INFRA_GNIREP.24,OBS,229.88,,AC-57,,YTE_INFRA_NIVELLEMENT,RCNC
YTE_INFRA_GNIREP.25,OBS,229.90,,AC-57 a,,YTE_INFRA_NIVELLEMENT,RCNC
YTE_INFRA_GNIREP.26,OBS,249.04,,AC-58 bis,,YTE_INFRA_NIVELLEMENT,RCNC
YTE_INFRA_GNIREP.27,OBS,228.32,,AC-59,,YTE_INFRA_NIVELLEMENT,RCNC
YTE_INFRA_GNIREP.28,OBS,229.79,,AC-59 a,,YTE_INFRA_NIVELLEMENT,RCNC
YTE_INFRA_GNIREP.29,OBS,233.40,,AC-60,,YTE_INFRA_NIVELLEMENT,RCNC
YTE_INFRA_GNIREP.30,OBS,234.10,,AC-60 a,,YTE_INFRA_NIVELLEMENT,RCNC
YTE_INFRA_GNIREP.32,OBS,285.93,,AC-69,,YTE_INFRA_NIVELLEMENT,RCNC
YTE_INFRA_GNIREP.33,OBS,262.34,,AC-70,,YTE_INFRA_NIVELLEMENT,RCNC
YTE_INFRA_GNIREP.84,GRA,,,AC-71,,YTE_INFRA_NIVELLEMENT,
YTE_INFRA_GNIREP.85,GRA,,,AC-72 bis,,YTE_INFRA_NIVELLEMENT,
YTE_INFRA_GNIREP.86,GRA,,,AC-73,,YTE_INFRA_NIVELLEMENT,
YTE_INFRA_GNIREP.35,OBS,301.33,,AC-74,,YTE_INFRA_NIVELLEMENT,RCNC
YTE_INFRA_GNIREP.36,OBS,396.89,,AC-75,,YTE_INFRA_NIVELLEMENT,RCNC
YTE_INFRA_GNIREP.37,OBS,455.40,,AC-76,,YTE_INFRA_NIVELLEMENT,RCNC
YTE_INFRA_GNIREP.38,OBS,417.847,,AC-77,,YTE_INFRA_NIVELLEMENT,RCNC
YTE_INFRA_GNIREP.92,GRA,,,AC-78,,YTE_INFRA_NIVELLEMENT,
YTE_INFRA_GNIREP.93,GRA,,,AC-79,,YTE_INFRA_NIVELLEMENT,
YTE_INFRA_GNIREP.39,OBS,139.13,,AC-80,,YTE_INFRA_NIVELLEMENT,RCNC
YTE_INFRA_GNIREP.40,OBS,66.12,,AC-81,,YTE_INFRA_NIVELLEMENT,RCNC
YTE_INFRA_GNIREP.97,OBS,64.2206,,AC-82,,YTE_INFRA_NIVELLEMENT,RCNC
YTE_INFRA_GNIREP.105,GRA,,,ACD-bis,,YTE_INFRA_NIVELLEMENT,
YTE_INFRA_GNIREP.116,GRA,,,AD-1 a,,YTE_INFRA_NIVELLEMENT,
YTE_INFRA_GNIREP.117,OBS,63.5379,,AD-1 bis,,YTE_INFRA_NIVELLEMENT,RCNC
YTE_INFRA_GNIREP.106,GRA,,,AD-10 a,,YTE_INFRA_NIVELLEMENT,
YTE_INFRA_GNIREP.107,GRA,,,AD-11 a,,YTE_INFRA_NIVELLEMENT,
YTE_INFRA_GNIREP.108,GRA,,,AD-12 a,,YTE_INFRA_NIVELLEMENT,
YTE_INFRA_GNIREP.109,GRA,,,AD-13 a,,YTE_INFRA_NIVELLEMENT,
YTE_INFRA_GNIREP.110,OBS,71.2677,,AD-14 bis,,YTE_INFRA_NIVELLEMENT,RCNC
YTE_INFRA_GNIREP.111,GRA,,,AD-15,,YTE_INFRA_NIVELLEMENT,
YTE_INFRA_GNIREP.112,ADAP,,,AD-16,,YTE_INFRA_NIVELLEMENT,
YTE_INFRA_GNIREP.113,GRA,,,AD-17,,YTE_INFRA_NIVELLEMENT,
YTE_INFRA_GNIREP.114,GRA,,,AD-18,,YTE_INFRA_NIVELLEMENT,
YTE_INFRA_GNIREP.115,GRA,,,AD-19,,YTE_INFRA_NIVELLEMENT,
YTE_INFRA_GNIREP.122,GRA,,,AD-2 bis,,YTE_INFRA_NIVELLEMENT,
YTE_INFRA_GNIREP.118,GRA,,,AD-20,,YTE_INFRA_NIVELLEMENT,
YTE_INFRA_GNIREP.119,GRA,,,AD-21,,YTE_INFRA_NIVELLEMENT,
YTE_INFRA_GNIREP.120,GRA,,,AD-22,,YTE_INFRA_NIVELLEMENT,
YTE_INFRA_GNIREP.121,GRA,,,AD-23,,YTE_INFRA_NIVELLEMENT,
YTE_INFRA_GNIREP.123,GRA,,,AD-3 bis,,YTE_INFRA_NIVELLEMENT,
YTE_INFRA_GNIREP.124,GRA,,,AD-4,,YTE_INFRA_NIVELLEMENT,
YTE_INFRA_GNIREP.125,GRA,,,AD-5 bis,,YTE_INFRA_NIVELLEMENT,
YTE_INFRA_GNIREP.126,GRA,,,AD-6,,YTE_INFRA_NIVELLEMENT,
YTE_INFRA_GNIREP.53,OBS,77.900,,AD-7,,YTE_INFRA_NIVELLEMENT,RCNC
YTE_INFRA_GNIREP.127,GRA,,,AD-8,,YTE_INFRA_NIVELLEMENT,
YTE_INFRA_GNIREP.54,OBS,75.947,,AD-9 bis,,YTE_INFRA_NIVELLEMENT,RCNC
YTE_INFRA_GNIREP.2,OBS,224.80,,Aa.k3n3-10,,YTE_INFRA_NIVELLEMENT,RCNC
YTE_INFRA_GNIREP.3,OBS,226.75,,Aa.k3n3-11,,YTE_INFRA_NIVELLEMENT,RCNC
YTE_INFRA_GNIREP.4,OBS,239.33,,Aa.k3n3-12,,YTE_INFRA_NIVELLEMENT,RCNC
YTE_INFRA_GNIREP.5,OBS,226.73,,Aa.k3n3-13,,YTE_INFRA_NIVELLEMENT,RCNC
YTE_INFRA_GNIREP.6,OBS,226.81,,Aa.k3n3-14,,YTE_INFRA_NIVELLEMENT,RCNC
YTE_INFRA_GNIREP.7,ADAP,,,Aa.k3n3-15,,YTE_INFRA_NIVELLEMENT,
YTE_INFRA_GNIREP.81,ADAP,,,Aa.k3n3-16,,YTE_INFRA_NIVELLEMENT,
YTE_INFRA_GNIREP.8,ADAP,,,Aa.k3n3-17,,YTE_INFRA_NIVELLEMENT,
YTE_INFRA_GNIREP.9,ADAP,,,Aa.k3n3-18,,YTE_INFRA_NIVELLEMENT,
YTE_INFRA_GNIREP.10,OBS,229.97,,Aa.k3n3-19,,YTE_INFRA_NIVELLEMENT,RCNC
YTE_INFRA_GNIREP.68,ADAP,,,Aa.k3n3-2,,YTE_INFRA_NIVELLEMENT,
YTE_INFRA_GNIREP.69,OBS,243.74,,Aa.k3n3-3,,YTE_INFRA_NIVELLEMENT,RCNC
YTE_INFRA_GNIREP.11,OBS,263.04,,Aa.k3n3-4,,YTE_INFRA_NIVELLEMENT,RCNC
YTE_INFRA_GNIREP.12,OBS,234.77,,Aa.k3n3-5,,YTE_INFRA_NIVELLEMENT,RCNC
YTE_INFRA_GNIREP.13,OBS,225.56,,Aa.k3n3-6,,YTE_INFRA_NIVELLEMENT,RCNC
YTE_INFRA_GNIREP.14,OBS,226.19,,Aa.k3n3-7,,YTE_INFRA_NIVELLEMENT,RCNC
YTE_INFRA_GNIREP.70,OBS,233.98,,Aa.k3n3-8,,YTE_INFRA_NIVELLEMENT,RCNC
YTE_INFRA_GNIREP.15,OBS,227.07,,Aa.k3n3-9,,YTE_INFRA_NIVELLEMENT,RCNC
YTE_INFRA_GNIREP.128,GRA,,,C.ab-55,,YTE_INFRA_NIVELLEMENT,
YTE_INFRA_GNIREP.55,OBS,325.90,,C.ab-57,,YTE_INFRA_NIVELLEMENT,RCNC
YTE_INFRA_GNIREP.56,OBS,338.84,,C.ab-59,,YTE_INFRA_NIVELLEMENT,RCNC
YTE_INFRA_GNIREP.57,OBS,353.51,,C.ab-60,,YTE_INFRA_NIVELLEMENT,RCNC
YTE_INFRA_GNIREP.58,OBS,353.17,,C.ab-61,,YTE_INFRA_NIVELLEMENT,RCNC
YTE_INFRA_GNIREP.129,GRA,,,C.ab-62,,YTE_INFRA_NIVELLEMENT,
YTE_INFRA_GNIREP.59,OBS,339.85,,C.ab-62 I,,YTE_INFRA_NIVELLEMENT,RCNC
YTE_INFRA_GNIREP.130,GRA,,,C.ab-62 a,,YTE_INFRA_NIVELLEMENT,
YTE_INFRA_GNIREP.131,GRA,,,C.ab-62 b,,YTE_INFRA_NIVELLEMENT,
YTE_INFRA_GNIREP.132,GRA,,,C.ab-62 c,,YTE_INFRA_NIVELLEMENT,
YTE_INFRA_GNIREP.133,GRA,,,C.ab-64 bis,,YTE_INFRA_NIVELLEMENT,
YTE_INFRA_GNIREP.134,GRA,,,C.ab-65 a,,YTE_INFRA_NIVELLEMENT,
YTE_INFRA_GNIREP.135,GRA,,,C.ab-66 a,,YTE_INFRA_NIVELLEMENT,
YTE_INFRA_GNIREP.136,ADAP,,,C.ab-67 bis,,YTE_INFRA_NIVELLEMENT,
YTE_INFRA_GNIREP.137,GRA,,,C.ab-68 a,,YTE_INFRA_NIVELLEMENT,
YTE_INFRA_GNIREP.138,GRA,,,C.ab-68 b,,YTE_INFRA_NIVELLEMENT,
YTE_INFRA_GNIREP.139,GRA,,,C.ab-68 bis,,YTE_INFRA_NIVELLEMENT,
YTE_INFRA_GNIREP.60,OBS,62.13,,C.ab-69,,YTE_INFRA_NIVELLEMENT,RCNC
YTE_INFRA_GNIREP.140,ADAP,,,C.ab-70 bis,,YTE_INFRA_NIVELLEMENT,
YTE_INFRA_GNIREP.141,GRA,,,C.ab-71 a,,YTE_INFRA_NIVELLEMENT,
YTE_INFRA_GNIREP.142,GRA,,,C.ab-71 bis,,YTE_INFRA_NIVELLEMENT,
YTE_INFRA_GNIREP.143,GRA,,,C.ab-72 a,,YTE_INFRA_NIVELLEMENT,
YTE_INFRA_GNIREP.144,GRA,,,C.ab-73 bis,,YTE_INFRA_NIVELLEMENT,
YTE_INFRA_GNIREP.145,GRA,,,C.ab-74 bis,,YTE_INFRA_NIVELLEMENT,
YTE_INFRA_GNIREP.146,OBS,86.3987,,C.ab-75 a,,YTE_INFRA_NIVELLEMENT,RCNC
YTE_INFRA_GNIREP.147,GRA,,,C.ab-76 bis,,YTE_INFRA_NIVELLEMENT,
YTE_INFRA_GNIREP.148,GRA,,,C.ab-77 a,,YTE_INFRA_NIVELLEMENT,
YTE_INFRA_GNIREP.149,GRA,,,C.ab-78 a,,YTE_INFRA_NIVELLEMENT,
YTE_INFRA_GNIREP.150,GRA,,,C.ab-79 a,,YTE_INFRA_NIVELLEMENT,
YTE_INFRA_GNIREP.151,GRA,,,C.ab-80 bis,,YTE_INFRA_NIVELLEMENT,
YTE_INFRA_GNIREP.152,GRA,,,C.ab-81,,YTE_INFRA_NIVELLEMENT,
YTE_INFRA_GNIREP.153,GRA,,,C.ab-81 a,,YTE_INFRA_NIVELLEMENT,
YTE_INFRA_GNIREP.154,GRA,,,C.ab-82 bis,,YTE_INFRA_NIVELLEMENT,
YTE_INFRA_GNIREP.155,GRA,,,C.ab-83 a,,YTE_INFRA_NIVELLEMENT,
YTE_INFRA_GNIREP.156,GRA,,,C.ab-83 bis,,YTE_INFRA_NIVELLEMENT,
YTE_INFRA_GNIREP.62,ADAP,,,C.ab-84 a,,YTE_INFRA_NIVELLEMENT,
YTE_INFRA_GNIREP.157,GRA,,,C.ab-85,,YTE_INFRA_NIVELLEMENT,
YTE_INFRA_GNIREP.158,GRA,,,C.ab-86,,YTE_INFRA_NIVELLEMENT,
YTE_INFRA_GNIREP.159,GRA,,,C.ab-87,,YTE_INFRA_NIVELLEMENT,
YTE_INFRA_GNIREP.160,GRA,,,C.ab-91 bis,,YTE_INFRA_NIVELLEMENT,
YTE_INFRA_GNIREP.63,OBS,248.813,,Ca.l3m3-1,,YTE_INFRA_NIVELLEMENT,RCNC
YTE_INFRA_GNIREP.65,OBS,300.39,,Ca.l3m3-3,,YTE_INFRA_NIVELLEMENT,RCNC
YTE_INFRA_GNIREP.66,OBS,301.76,,Ca.l3m3-4,,YTE_INFRA_NIVELLEMENT,RCNC
YTE_INFRA_GNIREP.67,OBS,322.85,,Ca.l3m3-5,,YTE_INFRA_NIVELLEMENT,RCNC
YTE_INFRA_GNIREP.161,OBS,321.610,,Ca.l3m3-6,,YTE_INFRA_NIVELLEMENT,RCNC
YTE_INFRA_GNIREP.79,OBS,322.65,,Ca.l3m3-7,,YTE_INFRA_NIVELLEMENT,RCNC
YTE_INFRA_GNIREP.80,ADAP,,,Ca.l3m3-7 I,,YTE_INFRA_NIVELLEMENT,
YTE_INFRA_GNIREP.162,GRA,,,Ca.l3m3-8,,YTE_INFRA_NIVELLEMENT,
YTE_INFRA_GNIREP.163,GRA,,,Ca.l3m3-9,,YTE_INFRA_NIVELLEMENT,
